id,name,city,latitude,longitude,dpcapacity,online_date,start_count,end_count,start_min,end_min,start_max,end_max,first_day_operational
2,Buckingham Fountain,Chicago,41.876393,-87.620328,27,6/10/2013 10:43,43695,40954,5/8/2015 12:24,5/8/2015 12:23,12/23/2017 14:57,12/24/2017 15:56,5/9/2015
3,Shedd Aquarium,Chicago,41.86722596,-87.61535539,55,6/10/2013 10:44,83540,81315,4/24/2015 14:24,4/24/2015 14:24,12/31/2017 13:29,12/31/2017 8:13,4/25/2015
4,Burnham Harbor,Chicago,41.856268,-87.613348,23,6/10/2013 10:46,59248,59965,5/16/2015 11:12,5/16/2015 11:07,12/29/2017 15:48,12/31/2017 14:29,5/17/2015
5,State St & Harrison St,Chicago,41.874053,-87.627716,23,6/10/2013 10:46,37470,38588,6/28/2013 7:08,6/28/2013 12:46,12/29/2017 17:14,12/31/2017 17:15,6/29/2013
6,Dusable Harbor,Chicago,41.885041,-87.612794,39,6/10/2013 11:18,61262,53848,4/24/2015 17:35,4/25/2015 1:30,12/29/2017 14:18,12/25/2017 8:13,4/25/2015
7,Field Blvd & South Water St,Chicago,41.88634906,-87.61751655,19,6/19/2013 10:00,30636,28499,4/18/2015 19:50,4/19/2015 6:53,12/31/2017 20:08,12/31/2017 21:28,4/19/2015
9,Leavitt St & Archer Ave,Chicago,41.82879202,-87.68060446,19,6/21/2013 9:33,2455,2443,4/15/2015 10:19,4/15/2015 17:43,12/28/2017 7:13,12/20/2017 17:16,4/16/2015
11,Jeffery Blvd & 71st St,Chicago,41.76663824,-87.57645011,11,6/21/2013 9:39,771,708,5/1/2015 16:20,5/1/2015 16:18,12/23/2017 18:32,12/29/2017 9:31,5/2/2015
12,South Shore Dr & 71st St,Chicago,41.76640946,-87.56568757,15,6/21/2013 10:00,2073,2047,4/26/2015 19:02,4/26/2015 21:00,12/19/2017 15:12,12/19/2017 15:11,4/27/2015
13,Wilton Ave & Diversey Pkwy,Chicago,41.932418,-87.652705,27,6/22/2013 18:29,48351,48740,6/29/2013 13:41,6/29/2013 15:26,12/31/2017 16:54,12/31/2017 16:13,6/30/2013
14,Morgan St & 18th St,Chicago,41.858086,-87.651073,15,6/22/2013 18:33,15474,16275,6/28/2013 18:52,6/28/2013 15:04,12/31/2017 14:20,12/30/2017 16:28,6/29/2013
15,Racine Ave & 18th St,Chicago,41.858166,-87.656495,15,6/22/2013 18:35,17257,17058,6/28/2013 7:27,6/27/2013 23:51,12/31/2017 20:49,12/31/2017 14:22,6/28/2013
16,Paulina Ave & North Ave,Chicago,41.910337,-87.670072,15,6/22/2013 18:55,28663,28303,6/28/2013 6:57,6/27/2013 22:39,12/30/2017 7:14,12/31/2017 1:21,6/28/2013
17,Honore St & Division St,Chicago,41.903119,-87.673935,23,6/22/2013 18:58,29789,31144,6/27/2013 11:24,6/27/2013 20:13,12/30/2017 13:59,12/30/2017 15:07,6/28/2013
18,Wacker Dr & Washington St,Chicago,41.883132,-87.637321,19,6/22/2013 19:00,40934,38446,4/18/2015 12:07,4/18/2015 12:55,12/31/2017 14:48,12/31/2017 15:57,4/19/2015
19,Loomis St & Taylor St (*),Chicago,41.869417,-87.660996,16,6/22/2013 19:03,30047,30194,6/27/2013 15:06,6/27/2013 15:05,12/31/2017 16:33,12/30/2017 19:22,6/28/2013
20,Sheffield Ave & Kingsbury St,Chicago,41.910522,-87.653106,15,6/22/2013 19:04,38807,42798,6/27/2013 20:22,6/28/2013 0:49,12/31/2017 12:44,12/31/2017 15:43,6/28/2013
21,Aberdeen St & Jackson Blvd,Chicago,41.87772613,-87.65478743,15,6/22/2013 19:07,37977,37270,6/28/2013 8:03,6/28/2013 11:54,12/31/2017 15:47,12/31/2017 15:16,6/29/2013
22,May St & Taylor St,Chicago,41.8694821,-87.6554864,15,6/22/2013 19:09,30296,30373,6/28/2013 8:32,6/28/2013 8:40,12/31/2017 16:21,12/31/2017 21:31,6/29/2013
23,Orleans St & Elm St (*),Chicago,41.902924,-87.637715,16,6/22/2013 20:20,19745,19194,6/28/2013 20:54,6/28/2013 20:57,12/29/2017 10:36,12/29/2017 18:02,6/29/2013
24,Fairbanks Ct & Grand Ave,Chicago,41.89186,-87.62062,15,6/22/2013 20:23,81759,79046,6/27/2013 19:52,6/27/2013 20:50,12/31/2017 18:17,12/31/2017 19:09,6/28/2013
25,Michigan Ave & Pearson St,Chicago,41.89766,-87.62351,23,6/22/2013 20:26,62294,61500,6/28/2013 7:21,6/28/2013 7:28,12/31/2017 20:26,12/30/2017 18:53,6/29/2013
26,McClurg Ct & Illinois St,Chicago,41.890359,-87.617532,31,6/22/2013 20:28,110255,111274,6/28/2013 7:13,6/28/2013 8:13,12/31/2017 21:21,12/31/2017 23:27,6/29/2013
27,Larrabee St & North Ave,Chicago,41.91021,-87.6435,19,6/22/2013 20:31,18151,17496,6/28/2013 9:05,6/27/2013 23:15,12/31/2017 19:18,12/31/2017 19:36,6/28/2013
28,Larrabee St & Menomonee St,Chicago,41.91468,-87.64332,15,6/22/2013 20:38,23170,21979,6/27/2013 12:15,6/27/2013 12:16,12/30/2017 17:16,12/31/2017 15:19,6/28/2013
29,Noble St & Milwaukee Ave,Chicago,41.90068,-87.6626,15,6/22/2013 20:52,33869,33434,6/28/2013 0:10,6/27/2013 21:51,12/31/2017 13:11,12/31/2017 9:36,6/28/2013
30,Ashland Ave & Augusta Blvd,Chicago,41.899643,-87.6677,15,6/22/2013 20:54,21704,20544,6/28/2013 7:10,6/27/2013 23:26,12/31/2017 16:04,12/31/2017 18:09,6/28/2013
31,Franklin St & Chicago Ave,Chicago,41.896776,-87.635633,23,6/22/2013 20:58,64207,63234,6/27/2013 20:50,6/27/2013 22:23,12/31/2017 19:21,12/31/2017 19:54,6/28/2013
32,Racine Ave & Congress Pkwy,Chicago,41.87464,-87.65703,19,6/22/2013 21:00,20657,19361,6/27/2013 14:44,6/27/2013 14:45,12/31/2017 11:57,12/31/2017 6:49,6/28/2013
33,State St & Van Buren St,Chicago,41.877181,-87.627844,27,6/22/2013 21:06,58685,55759,6/28/2013 16:32,6/28/2013 14:53,12/31/2017 19:05,12/31/2017 19:05,6/29/2013
34,Cannon Dr & Fullerton Ave,Chicago,41.92675599,-87.63442878,15,6/22/2013 21:09,41087,43159,6/27/2013 16:14,6/27/2013 16:01,12/29/2017 15:31,12/24/2017 7:51,6/28/2013
35,Streeter Dr & Grand Ave,Chicago,41.892278,-87.612043,47,6/22/2013 21:12,325294,369619,8/5/2013 16:33,8/5/2013 16:15,12/31/2017 15:06,12/31/2017 12:16,8/6/2013
36,Franklin St & Jackson Blvd,Chicago,41.87770796,-87.63532114,39,6/24/2013 23:34,97360,89640,6/27/2013 18:21,6/27/2013 18:37,12/31/2017 16:18,12/31/2017 15:28,6/28/2013
37,Dearborn St & Adams St,Chicago,41.87935636,-87.62979104,19,6/25/2013 1:12,73178,71795,6/27/2013 18:45,6/27/2013 18:54,12/29/2017 16:23,12/31/2017 21:57,6/28/2013
38,Clark St & Lake St,Chicago,41.88602083,-87.63087606,27,6/25/2013 1:43,42665,40872,4/18/2015 13:00,4/18/2015 15:59,12/31/2017 13:34,12/31/2017 11:33,4/19/2015
39,Wabash Ave & Adams St,Chicago,41.87947235,-87.62568861,23,6/25/2013 1:44,32574,32275,4/19/2015 2:27,4/18/2015 18:47,12/30/2017 20:27,12/31/2017 14:22,4/19/2015
40,LaSalle St & Adams St,Chicago,41.87934437,-87.63198522,15,6/25/2013 1:44,29455,29117,4/26/2015 12:29,4/26/2015 16:04,12/31/2017 14:01,12/29/2017 15:09,4/27/2015
41,Federal St & Polk St,Chicago,41.87207763,-87.62954377,19,6/25/2013 1:44,34612,34312,4/25/2015 19:11,4/26/2015 12:25,12/31/2017 16:03,12/31/2017 19:37,4/26/2015
42,Wabash Ave & Cermak Rd,Chicago,41.852619,-87.626488,11,6/25/2013 7:38,12819,13233,6/27/2013 16:34,6/27/2013 16:36,12/29/2017 16:09,12/29/2017 13:37,6/28/2013
43,Michigan Ave & Washington St,Chicago,41.88389277,-87.62464914,43,6/25/2013 10:57,116547,120354,6/28/2013 16:07,6/28/2013 15:49,12/31/2017 14:45,12/30/2017 20:02,6/29/2013
44,State St & Randolph St,Chicago,41.8847302,-87.62773357,27,6/25/2013 10:59,71310,68232,6/27/2013 18:57,6/27/2013 18:59,12/31/2017 19:45,12/31/2017 19:45,6/28/2013
45,Michigan Ave & Congress Pkwy,Chicago,41.876243,-87.624426,15,6/25/2013 11:01,50700,47764,6/27/2013 13:00,6/27/2013 20:49,12/31/2017 16:27,12/31/2017 16:18,6/28/2013
46,Wells St & Walton St,Chicago,41.89993001,-87.63443007,19,6/25/2013 11:03,35911,28994,6/28/2013 9:00,6/27/2013 20:50,12/31/2017 21:05,12/31/2017 21:04,6/28/2013
47,State St & Kinzie St,Chicago,41.889187,-87.627754,31,6/25/2013 11:04,83923,87900,6/28/2013 16:58,6/28/2013 16:27,12/31/2017 19:47,12/31/2017 19:47,6/29/2013
48,Larrabee St & Kingsbury St,Chicago,41.897764,-87.642884,39,6/25/2013 11:20,77553,79495,6/28/2013 6:36,6/27/2013 9:46,12/30/2017 6:44,12/31/2017 15:11,6/28/2013
49,Dearborn St & Monroe St,Chicago,41.88131982,-87.62952092,39,6/25/2013 11:21,95020,92973,6/29/2013 10:36,6/28/2013 17:50,12/31/2017 23:17,12/31/2017 16:03,6/29/2013
50,Clark St & Congress Pkwy,Chicago,41.87593267,-87.63058454,27,6/25/2013 11:23,52933,48938,6/28/2013 12:50,6/28/2013 8:25,12/29/2017 17:49,12/30/2017 18:51,6/29/2013
51,Clark St & Randolph St,Chicago,41.88457623,-87.63188991,39,6/25/2013 11:24,67862,66785,6/27/2013 19:46,6/28/2013 7:35,12/31/2017 13:50,12/30/2017 16:43,6/28/2013
52,Michigan Ave & Lake St,Chicago,41.886024,-87.624117,31,6/25/2013 11:25,100781,102560,6/27/2013 19:42,6/27/2013 20:39,12/31/2017 15:45,12/30/2017 17:15,6/28/2013
53,LaSalle (Wells) St & Huron St,Chicago,41.894882,-87.632326,27,6/25/2013 11:27,65164,63463,6/29/2013 12:08,6/29/2013 14:05,12/31/2017 20:20,12/31/2017 20:32,6/30/2013
54,Ogden Ave & Chicago Ave,Chicago,41.89636246,-87.65406127,19,6/25/2013 11:28,33336,34343,6/27/2013 20:21,6/27/2013 19:34,12/30/2017 15:24,12/31/2017 17:52,6/28/2013
55,Halsted St & Roosevelt Rd,Chicago,41.867324,-87.648625,23,6/25/2013 11:33,19296,19507,6/27/2013 16:42,6/27/2013 15:27,12/30/2017 18:14,12/26/2017 21:27,6/28/2013
56,Desplaines St & Kinzie St,Chicago,41.88871604,-87.64444785,27,6/25/2013 11:50,77660,69209,6/28/2013 13:48,6/28/2013 13:53,12/31/2017 13:46,12/31/2017 15:25,6/29/2013
57,Clinton St & Roosevelt Rd,Chicago,41.86711778,-87.64108796,15,6/25/2013 11:54,30996,34066,6/28/2013 15:03,6/28/2013 14:28,12/31/2017 15:44,12/31/2017 19:41,6/29/2013
58,Marshfield Ave & Cortland St,Chicago,41.916017,-87.668879,23,6/25/2013 11:57,64626,63364,6/28/2013 8:09,6/28/2013 12:30,12/31/2017 8:32,12/31/2017 10:32,6/29/2013
59,Wabash Ave & Roosevelt Rd,Chicago,41.867227,-87.625961,23,6/25/2013 12:06,86131,92521,6/27/2013 21:54,6/27/2013 20:05,12/31/2017 22:50,12/31/2017 18:56,6/28/2013
60,Dayton St & North Ave,Chicago,41.91057803,-87.64942193,19,6/25/2013 12:08,45753,46219,6/27/2013 21:41,6/27/2013 21:43,12/31/2017 16:47,12/31/2017 19:42,6/28/2013
61,Wood St & Milwaukee Ave,Chicago,41.907655,-87.672552,19,6/25/2013 12:09,44462,46743,6/27/2013 14:39,6/27/2013 14:38,12/30/2017 16:56,12/31/2017 13:58,6/28/2013
62,McCormick Place,Chicago,41.85137517,-87.61883465,27,6/25/2013 12:13,29226,28323,6/28/2013 12:03,6/28/2013 10:12,12/28/2017 22:42,12/30/2017 10:02,6/29/2013
66,Clinton St & Lake St,Chicago,41.885637,-87.641823,23,6/25/2013 12:21,86169,83135,6/28/2013 7:30,6/28/2013 8:15,12/31/2017 11:03,12/31/2017 21:10,6/29/2013
67,Sheffield Ave & Fullerton Ave,Chicago,41.92560188,-87.65370804,19,6/25/2013 12:23,63306,63900,6/27/2013 23:05,6/27/2013 19:35,12/31/2017 22:45,12/31/2017 15:16,6/28/2013
68,Clinton St & Tilden St,Chicago,41.875885,-87.640795,23,6/25/2013 12:52,28588,26867,6/27/2013 14:56,6/27/2013 14:57,12/31/2017 10:47,12/31/2017 6:22,6/28/2013
69,Damen Ave & Pierce Ave,Chicago,41.90939601,-87.67769193,19,6/25/2013 12:53,74961,81238,6/27/2013 21:39,6/27/2013 22:20,12/31/2017 20:05,1/1/2018 0:03,6/28/2013
71,Morgan St & Lake St,Chicago,41.88548331,-87.65230486,23,6/25/2013 12:55,51582,53377,6/28/2013 20:00,6/28/2013 20:02,12/31/2017 18:19,12/31/2017 14:09,6/29/2013
72,Wabash Ave & 16th St,Chicago,41.860384,-87.625813,39,6/25/2013 12:56,32210,34641,6/28/2013 5:11,6/28/2013 8:49,12/31/2017 15:13,12/31/2017 22:53,6/29/2013
73,Jefferson St & Monroe St,Chicago,41.880422,-87.642746,19,6/25/2013 13:08,46919,42125,6/28/2013 0:04,6/28/2013 0:37,12/31/2017 10:43,12/30/2017 20:54,6/29/2013
74,Kingsbury St & Erie St,Chicago,41.893882,-87.641711,23,6/26/2013 12:19,76372,72770,6/27/2013 20:57,6/28/2013 8:33,12/31/2017 15:20,12/31/2017 16:43,6/28/2013
75,Canal St & Jackson Blvd,Chicago,41.877245,-87.639366,31,6/26/2013 15:21,104105,99835,6/28/2013 6:31,6/27/2013 19:06,12/31/2017 13:17,12/30/2017 13:11,6/28/2013
76,Lake Shore Dr & Monroe St,Chicago,41.880958,-87.616743,39,6/26/2013 15:26,210255,203014,6/27/2013 19:29,6/27/2013 19:03,12/28/2017 13:38,12/31/2017 16:38,6/28/2013
77,Clinton St & Madison St,Chicago,41.882242,-87.641066,31,6/26/2013 15:27,140790,134719,6/27/2013 21:15,6/28/2013 6:24,12/31/2017 16:55,12/31/2017 15:32,6/28/2013
80,Aberdeen St & Monroe St,Chicago,41.880419,-87.655519,19,6/26/2013 19:00,44072,44809,6/29/2013 12:53,6/29/2013 14:03,12/31/2017 16:09,12/31/2017 16:16,6/30/2013
81,Daley Center Plaza,Chicago,41.884241,-87.629634,39,6/26/2013 19:02,100313,95669,6/27/2013 18:32,6/27/2013 18:37,12/31/2017 16:52,12/30/2017 17:41,6/28/2013
84,Milwaukee Ave & Grand Ave,Chicago,41.891578,-87.648384,19,6/26/2013 19:14,38482,35659,6/28/2013 12:09,6/28/2013 12:29,12/31/2017 12:43,12/31/2017 16:29,6/29/2013
85,Michigan Ave & Oak St,Chicago,41.90096039,-87.62377664,23,6/26/2013 19:18,163988,175743,6/27/2013 12:06,6/27/2013 12:11,12/31/2017 12:05,12/31/2017 12:03,6/28/2013
86,Eckhart Park,Chicago,41.89637337,-87.66098386,19,6/26/2013 19:32,23894,24314,6/29/2013 16:31,6/28/2013 20:55,12/30/2017 15:13,12/31/2017 16:32,6/29/2013
87,Racine Ave & Fullerton Ave,Chicago,41.92556258,-87.65840426,19,6/26/2013 19:36,29694,29190,6/28/2013 19:17,6/28/2013 19:00,12/30/2017 11:36,12/31/2017 14:36,6/29/2013
88,Racine Ave & Randolph St,Chicago,41.884069,-87.656853,19,6/26/2013 19:44,26987,27522,6/27/2013 11:09,6/27/2013 11:11,12/31/2017 17:42,12/31/2017 17:37,6/28/2013
89,Financial Pl & Congress Pkwy,Chicago,41.87500913,-87.63310582,31,6/26/2013 19:47,29065,25765,5/8/2015 12:32,5/8/2015 11:42,12/31/2017 21:04,12/29/2017 17:56,5/9/2015
90,Millennium Park,Chicago,41.8810317,-87.62408432,47,6/26/2013 19:51,158329,174240,6/27/2013 19:34,6/27/2013 13:03,12/31/2017 20:22,12/31/2017 10:50,6/28/2013
91,Clinton St & Washington Blvd,Chicago,41.88338,-87.64117,31,6/26/2013 23:39,188313,182424,6/27/2013 1:06,6/28/2013 0:18,12/31/2017 21:08,12/31/2017 15:53,6/28/2013
92,Carpenter St & Huron St,Chicago,41.894556,-87.653449,19,6/27/2013 8:58,23981,21478,6/29/2013 15:54,6/29/2013 17:52,12/31/2017 17:26,12/29/2017 10:12,6/30/2013
93,Sheffield Ave & Willow St,Chicago,41.913688,-87.652855,15,6/27/2013 11:41,34684,34244,6/29/2013 7:30,6/28/2013 17:37,12/31/2017 23:41,12/31/2017 15:06,6/29/2013
94,Clark St & Armitage Ave,Chicago,41.918306,-87.636282,31,6/27/2013 12:33,87321,89397,6/27/2013 19:20,6/27/2013 19:44,12/31/2017 16:08,12/31/2017 15:05,6/28/2013
95,Stony Island Ave & 64th St,Chicago,41.77870057,-87.58678762,15,6/27/2013 13:58,1082,993,5/8/2015 11:01,5/10/2015 11:41,12/20/2017 12:43,12/20/2017 13:10,5/9/2015
96,Desplaines St & Randolph St,Chicago,41.88461619,-87.64457058,23,6/28/2013 10:47,27186,24169,4/25/2015 17:59,4/26/2015 15:42,12/31/2017 1:53,12/31/2017 14:40,4/26/2015
97,Field Museum,Chicago,41.865312,-87.617867,55,6/30/2013 13:25,82471,80268,6/28/2013 14:57,6/28/2013 15:53,12/24/2017 15:56,12/24/2017 15:47,6/29/2013
98,LaSalle St & Washington St,Chicago,41.882664,-87.63253,15,7/15/2013 14:41,61339,56718,7/15/2013 15:40,7/15/2013 14:47,12/31/2017 16:47,12/31/2017 16:22,7/16/2013
99,Lake Shore Dr & Ohio St,Chicago,41.89257,-87.614492,19,7/15/2013 15:12,75232,73007,6/28/2013 12:08,6/30/2013 14:26,12/31/2017 17:52,12/31/2017 10:52,6/29/2013
100,Orleans St & Merchandise Mart Plaza,Chicago,41.888243,-87.63639,35,7/15/2013 17:26,85455,85556,7/17/2013 11:55,7/17/2013 7:56,12/30/2017 11:23,12/31/2017 20:29,7/18/2013
101,63rd St Beach,Chicago,41.78101637,-87.57611976,23,7/16/2013 1:27,3271,3267,4/21/2015 15:57,4/21/2015 16:41,12/21/2017 12:21,12/21/2017 12:21,4/22/2015
102,Stony Island Ave & 67th St,Chicago,41.7734585,-87.58533974,11,7/16/2013 1:28,1063,1036,4/29/2015 18:11,4/26/2015 18:12,12/29/2017 9:23,12/22/2017 15:45,4/27/2015
103,Clinton St & Polk St (*),Chicago,41.87146652,-87.64094913,16,7/18/2013 15:51,6210,8738,5/9/2015 12:02,5/9/2015 10:17,12/29/2017 17:43,12/31/2017 11:27,5/10/2015
106,State St & Pearson St,Chicago,41.897448,-87.628722,27,7/18/2013 15:59,43805,41472,8/1/2013 19:39,8/1/2013 19:25,12/30/2017 19:21,12/30/2017 13:06,8/2/2013
107,Desplaines St & Jackson Blvd,Chicago,41.878287,-87.643909,27,7/18/2013 16:39,26922,25736,4/26/2015 9:41,4/26/2015 15:24,12/31/2017 12:06,12/31/2017 14:20,4/27/2015
108,Halsted St & Polk St,Chicago,41.87184,-87.64664,19,7/18/2013 16:41,31476,31424,6/28/2013 7:06,6/28/2013 13:54,12/28/2017 11:31,12/31/2017 19:36,6/29/2013
109,900 W Harrison St,Chicago,41.874754,-87.649807,19,7/18/2013 16:45,19342,17998,8/6/2013 17:13,8/6/2013 17:55,12/30/2017 19:15,12/30/2017 11:46,8/7/2013
110,Dearborn St & Erie St,Chicago,41.893992,-87.629318,23,7/18/2013 16:46,92973,95969,8/1/2013 17:48,8/1/2013 17:13,12/31/2017 18:50,12/31/2017 17:35,8/2/2013
111,Sedgwick St & Huron St,Chicago,41.894666,-87.638437,19,7/18/2013 16:52,38324,37160,8/2/2013 12:08,8/1/2013 20:27,12/31/2017 18:47,12/31/2017 18:46,8/2/2013
112,Green St & Randolph St,Chicago ,41.883668,-87.64867,15,7/18/2013 17:00,50306,55115,6/30/2013 11:02,6/29/2013 17:08,12/31/2017 19:26,12/31/2017 19:20,6/30/2013
113,Bissell St & Armitage Ave,Chicago ,41.91844,-87.65222,15,7/18/2013 17:09,45818,49884,9/5/2013 18:27,9/5/2013 14:44,12/31/2017 15:38,12/31/2017 16:03,9/6/2013
114,Sheffield Ave & Waveland Ave,Chicago,41.949399,-87.654529,27,7/18/2013 17:17,56028,64121,8/2/2013 15:38,8/2/2013 14:13,12/31/2017 14:34,12/31/2017 13:07,8/3/2013
115,Sheffield Ave & Wellington Ave,Chicago,41.936266,-87.652662,23,7/18/2013 17:18,50906,52072,7/22/2013 12:59,7/22/2013 13:00,12/31/2017 13:43,12/31/2017 14:57,7/23/2013
116,Western Ave & Winnebago Ave,Chicago,41.91552,-87.687022,15,7/18/2013 17:19,28535,27990,7/26/2013 15:47,7/26/2013 15:51,12/31/2017 15:04,12/31/2017 19:52,7/27/2013
117,Wilton Ave & Belmont Ave,Chicago,41.94018,-87.65304,23,7/18/2013 17:20,71742,73560,8/2/2013 18:35,8/2/2013 17:37,12/31/2017 17:14,12/31/2017 23:23,8/3/2013
118,Sedgwick St & North Ave,Chicago,41.911386,-87.638677,19,7/18/2013 17:20,46133,42944,8/1/2013 16:00,8/1/2013 19:28,12/31/2017 13:03,12/31/2017 11:47,8/2/2013
119,Ashland Ave & Lake St,Chicago,41.88541,-87.66732,19,7/18/2013 17:21,18099,17526,7/28/2013 15:46,7/28/2013 15:33,12/31/2017 14:49,12/29/2017 6:59,7/29/2013
120,Wentworth Ave & Archer Ave,Chicago,41.853605,-87.631886,23,7/18/2013 17:21,21540,23841,8/6/2013 17:22,8/6/2013 18:35,12/30/2017 23:32,12/31/2017 9:16,8/7/2013
121,Blackstone Ave & Hyde Park Blvd,Chicago,41.802562,-87.590368,19,7/18/2013 17:22,10289,9261,6/29/2013 13:03,6/29/2013 13:59,12/30/2017 13:40,12/29/2017 17:29,6/30/2013
122,Ogden Ave & Congress Pkwy,Chicago,41.87501,-87.67328,15,7/18/2013 17:23,11858,10690,7/29/2013 9:21,7/29/2013 7:19,12/22/2017 13:40,12/24/2017 7:22,7/30/2013
123,California Ave & Milwaukee Ave,Chicago,41.922695,-87.697153,15,7/18/2013 17:23,37167,37834,7/16/2013 14:03,7/16/2013 14:05,12/31/2017 22:42,12/31/2017 15:12,7/17/2013
124,Damen Ave & Cullerton St,Chicago,41.855048,-87.675726,15,7/18/2013 17:24,6690,7188,8/4/2013 17:49,7/24/2013 13:00,12/31/2017 21:17,12/30/2017 14:48,7/25/2013
125,Rush St & Hubbard St,Chicago,41.890173,-87.626185,23,7/18/2013 17:53,32280,37489,5/8/2015 14:09,5/8/2015 14:43,12/29/2017 19:24,12/29/2017 17:47,5/9/2015
126,Clark St & North Ave,Chicago ,41.911974,-87.631942,15,7/18/2013 17:54,51799,53603,7/29/2013 12:19,7/29/2013 12:23,12/31/2017 17:16,12/31/2017 17:16,7/30/2013
127,Lincoln Ave & Fullerton Ave,Chicago ,41.925905,-87.64926,15,7/18/2013 17:55,37293,37319,6/28/2013 10:00,6/28/2013 10:24,12/31/2017 14:36,12/31/2017 18:02,6/29/2013
128,Damen Ave & Chicago Ave,Chicago,41.895769,-87.67722,19,7/18/2013 17:55,41609,45205,8/3/2013 20:57,8/3/2013 19:09,12/31/2017 18:45,12/31/2017 19:14,8/4/2013
129,Blue Island Ave & 18th St,Chicago ,41.857556,-87.661535,15,7/18/2013 17:56,19952,20328,7/25/2013 12:46,7/25/2013 12:48,12/31/2017 18:52,12/31/2017 21:22,7/26/2013
130,Damen Ave & Division St,Chicago ,41.903266,-87.678435,15,7/18/2013 17:57,43833,43653,7/26/2013 22:56,7/27/2013 3:05,12/31/2017 18:07,12/31/2017 18:43,7/27/2013
131,Lincoln Ave & Belmont Ave,Chicago ,41.939365,-87.668385,15,7/18/2013 17:57,24380,24598,9/23/2013 18:28,9/23/2013 17:09,12/31/2017 14:42,12/31/2017 16:01,9/24/2013
132,Wentworth Ave & 24th St,Chicago ,41.849237,-87.631715,15,7/18/2013 17:58,5658,6882,9/6/2013 0:01,9/5/2013 18:56,12/31/2017 9:13,12/29/2017 12:24,9/6/2013
133,Kingsbury St & Kinzie St,Chicago,41.88917683,-87.63850577,31,7/18/2013 22:47,86191,85567,4/25/2015 12:39,4/25/2015 14:45,12/31/2017 17:29,12/31/2017 17:31,4/26/2015
134,Peoria St & Jackson Blvd,Chicago,41.877749,-87.649633,19,7/18/2013 22:48,60409,60284,7/23/2013 15:06,7/23/2013 15:05,12/31/2017 16:14,12/31/2017 16:13,7/24/2013
135,Halsted St & 21st St,Chicago,41.85378,-87.64665,11,7/18/2013 22:49,5931,6119,7/24/2013 12:22,7/24/2013 12:23,12/28/2017 13:47,12/23/2017 20:00,7/25/2013
136,Racine Ave & 13th St,Chicago ,41.865054,-87.656959,15,7/18/2013 22:52,3974,3986,8/1/2013 10:15,8/1/2013 10:41,12/30/2017 10:21,12/29/2017 14:57,8/2/2013
137,Morgan Ave & 14th Pl,Chicago ,41.862378,-87.651062,15,7/18/2013 22:54,18563,17956,7/31/2013 19:03,7/31/2013 15:52,12/31/2017 10:47,12/30/2017 20:06,8/1/2013
138,Clybourn Ave & Division St,Chicago ,41.904613,-87.640552,15,7/18/2013 22:55,24202,23968,8/5/2013 17:07,8/5/2013 17:05,12/31/2017 12:35,12/31/2017 12:51,8/6/2013
140,Dearborn Pkwy & Delaware Pl,Chicago ,41.898969,-87.629912,19,7/18/2013 22:56,70235,74015,8/1/2013 18:01,8/1/2013 17:39,12/31/2017 14:25,12/31/2017 20:10,8/2/2013
141,Clark St & Lincoln Ave,Chicago ,41.915689,-87.6346,23,7/18/2013 22:57,82397,83759,7/1/2013 13:36,6/30/2013 20:35,12/31/2017 10:53,12/31/2017 15:23,7/1/2013
142,McClurg Ct & Erie St,Chicago ,41.894503,-87.617854,31,7/18/2013 22:58,40129,39567,5/8/2015 16:23,5/8/2015 15:31,12/31/2017 12:55,12/31/2017 17:38,5/9/2015
143,Sedgwick St & Webster Ave,Chicago ,41.922167,-87.638888,15,7/19/2013 9:19,52292,49760,8/3/2013 14:01,8/3/2013 12:41,12/31/2017 21:17,12/31/2017 23:53,8/4/2013
144,Larrabee St & Webster Ave,Chicago ,41.921822,-87.64414,19,7/19/2013 9:20,51497,51887,8/2/2013 19:06,8/2/2013 19:01,12/31/2017 14:01,12/31/2017 15:48,8/3/2013
145,Mies van der Rohe Way & Chestnut St,Chicago,41.89858665,-87.62191523,19,7/19/2013 9:20,40524,37370,5/8/2015 17:47,5/8/2015 16:31,12/31/2017 23:54,1/1/2018 0:18,5/9/2015
146,Loomis St & Jackson Blvd,Chicago ,41.877945,-87.662007,11,7/19/2013 9:21,18458,18147,7/28/2013 14:01,7/28/2013 13:56,12/28/2017 8:49,12/29/2017 12:53,7/29/2013
147,Indiana Ave & 26th St,Chicago ,41.845687,-87.622481,15,7/19/2013 9:22,8490,8230,7/24/2013 15:43,7/24/2013 18:22,12/30/2017 13:38,12/29/2017 16:14,7/25/2013
148,State St & 33rd St,Chicago ,41.834734,-87.625813,15,7/19/2013 9:22,20533,21627,8/27/2013 14:44,8/19/2013 14:00,12/30/2017 11:30,12/31/2017 21:39,8/20/2013
149,Calumet Ave & 33rd St,Chicago ,41.8349,-87.61793,11,7/19/2013 9:23,12623,11379,6/28/2013 9:59,6/29/2013 12:34,12/31/2017 21:35,12/30/2017 12:44,6/29/2013
150,Fort Dearborn Dr & 31st St,Chicago ,41.838556,-87.608218,27,7/19/2013 9:23,46006,47238,7/23/2013 19:57,7/23/2013 19:55,12/28/2017 8:16,12/28/2017 8:15,7/24/2013
152,Lincoln Ave & Diversey Pkwy,Chicago ,41.932225,-87.658617,15,7/19/2013 9:25,33602,31898,7/31/2013 15:52,7/29/2013 19:43,12/31/2017 17:57,12/31/2017 16:37,7/30/2013
153,Southport Ave & Wellington Ave,Chicago ,41.935733,-87.663576,19,7/19/2013 9:34,47472,46372,7/25/2013 17:19,7/25/2013 18:13,12/31/2017 20:01,12/31/2017 14:12,7/26/2013
154,Southport Ave & Belmont Ave,Chicago ,41.93949,-87.66378,15,7/19/2013 9:34,24361,23817,7/29/2013 20:28,7/29/2013 17:51,12/31/2017 15:25,12/31/2017 17:43,7/30/2013
156,Clark St & Wellington Ave,Chicago ,41.93649682,-87.64753866,15,7/19/2013 9:35,50243,51162,8/2/2013 23:17,8/2/2013 20:26,12/31/2017 18:52,12/31/2017 15:49,8/3/2013
157,Lake Shore Dr & Wellington Ave,Chicago ,41.936669,-87.636794,15,7/19/2013 9:36,53253,55508,8/1/2013 21:15,7/30/2013 10:35,12/31/2017 11:48,12/31/2017 15:22,7/31/2013
158,Milwaukee Ave & Wabansia Ave,Chicago ,41.912616,-87.681391,15,7/19/2013 9:40,30176,30701,7/27/2013 13:48,7/26/2013 11:04,12/31/2017 14:28,12/31/2017 13:06,7/27/2013
159,Claremont Ave & Hirsch St,Chicago,41.907781,-87.685854,11,7/19/2013 9:56,10725,10290,7/16/2013 14:21,7/26/2013 12:46,12/31/2017 23:58,12/28/2017 18:04,7/17/2013
160,Campbell Ave & North Ave,Chicago,41.910535,-87.689556,15,7/19/2013 9:57,14071,13741,7/27/2013 13:00,7/28/2013 3:02,12/30/2017 11:52,12/31/2017 19:01,7/28/2013
161,Rush St & Superior St,Chicago,41.89576475,-87.62590803,23,7/19/2013 10:00,33580,31320,5/9/2015 13:21,5/9/2015 12:45,12/31/2017 18:05,12/31/2017 15:05,5/10/2015
162,Damen Ave & Wellington Ave,Chicago,41.93588,-87.67842,15,7/19/2013 10:02,15645,17200,7/25/2013 23:23,7/25/2013 21:27,12/31/2017 16:21,12/31/2017 16:21,7/26/2013
163,Damen Ave & Clybourn Ave,Chicago,41.931931,-87.677856,15,7/19/2013 10:02,12415,13603,7/29/2013 15:36,7/29/2013 16:51,12/30/2017 17:21,12/30/2017 11:55,7/30/2013
164,Franklin St & Lake St,Chicago,41.885837,-87.6355,27,7/19/2013 10:03,59710,54137,6/28/2013 10:01,6/28/2013 8:09,12/30/2017 11:59,12/31/2017 12:13,6/29/2013
165,Clark St & Grace St,Chicago,41.95078,-87.659172,19,7/19/2013 10:03,29125,27697,6/30/2013 12:25,6/29/2013 22:33,12/30/2017 15:03,12/31/2017 16:24,6/30/2013
166,Ashland Ave & Wrightwood Ave,Chicago ,41.92883,-87.668507,15,7/19/2013 10:07,17429,18004,6/28/2013 7:32,6/29/2013 9:57,12/30/2017 13:24,12/31/2017 22:51,6/29/2013
167,Damen Ave & Coulter St,Chicago ,41.8492,-87.67564,11,7/19/2013 10:08,1526,1715,7/24/2013 13:46,7/24/2013 13:47,12/26/2017 12:39,12/31/2017 19:01,7/25/2013
168,Michigan Ave & 14th St,Chicago ,41.864059,-87.623727,19,7/19/2013 10:08,34970,35773,8/3/2013 18:07,8/3/2013 15:33,12/29/2017 22:19,12/31/2017 16:15,8/4/2013
169,Canal St & Harrison St,Chicago ,41.874255,-87.639573,15,7/19/2013 10:09,15914,13716,7/15/2013 17:59,7/15/2013 18:14,12/31/2017 19:27,12/28/2017 13:06,7/16/2013
170,Clinton St & 18th St,Chicago,41.85795,-87.640826,15,7/19/2013 11:04,10954,11173,7/23/2013 13:44,7/26/2013 18:39,12/31/2017 19:31,12/31/2017 15:49,7/24/2013
171,May St & Cullerton St,Chicago ,41.855136,-87.654127,11,7/19/2013 11:05,5237,5108,7/26/2013 19:07,7/25/2013 17:44,12/26/2017 9:21,12/26/2017 12:31,7/26/2013
172,Rush St & Cedar St,Chicago,41.9023087,-87.62769053,11,7/19/2013 11:05,30123,30231,5/9/2015 13:57,5/9/2015 13:41,12/31/2017 20:34,12/31/2017 20:33,5/10/2015
173,Mies van der Rohe Way & Chicago Ave,Chicago ,41.89691,-87.621743,15,7/19/2013 11:07,62414,65471,8/1/2013 12:08,8/1/2013 11:00,12/31/2017 20:05,12/30/2017 10:27,8/2/2013
174,Canal St & Madison St,Chicago ,41.882091,-87.639833,35,7/19/2013 11:07,140375,149863,7/27/2013 11:58,7/28/2013 15:51,12/31/2017 12:26,12/31/2017 20:28,7/28/2013
175,Wells St & Polk St,Chicago ,41.872596,-87.633502,19,7/19/2013 11:08,36658,31085,8/3/2013 19:36,8/3/2013 16:52,12/31/2017 15:33,12/29/2017 11:45,8/4/2013
176,Clark St & Elm St,Chicago ,41.902973,-87.63128,27,7/19/2013 11:08,91904,94143,8/1/2013 15:43,8/1/2013 14:48,12/31/2017 21:16,12/31/2017 20:49,8/2/2013
177,Theater on the Lake,Chicago ,41.926277,-87.630834,23,7/19/2013 11:09,186267,198034,8/13/2013 14:29,8/13/2013 13:41,12/31/2017 15:01,12/31/2017 8:44,8/14/2013
178,State St & 19th St,Chicago ,41.856594,-87.627542,15,7/19/2013 11:10,13777,13923,7/21/2013 11:35,7/21/2013 11:25,12/31/2017 18:49,12/28/2017 14:27,7/22/2013
179,MLK Jr Dr & Oakwood Blvd,Chicago,41.82256,-87.61615,15,7/19/2013 11:12,3185,3089,6/30/2013 11:50,6/28/2013 5:26,12/20/2017 18:37,12/16/2017 12:11,6/29/2013
180,Ritchie Ct & Banks St,Chicago,41.906866,-87.626217,15,7/19/2013 11:14,21976,20293,5/9/2015 14:29,5/9/2015 16:56,12/31/2017 17:24,12/31/2017 14:50,5/10/2015
181,LaSalle St & Illinois St,Chicago,41.890762,-87.631697,31,7/19/2013 11:15,87778,92214,6/29/2013 13:43,6/29/2013 13:21,12/31/2017 20:08,12/31/2017 20:08,6/30/2013
182,Wells St & Elm St,Chicago,41.903222,-87.634324,23,7/20/2013 12:38,30667,30320,6/16/2015 13:31,6/16/2015 15:42,12/31/2017 16:54,12/31/2017 23:39,6/17/2015
183,Damen Ave & Augusta Blvd,Chicago,41.899113,-87.677212,23,7/20/2013 17:09,30618,29860,7/25/2013 14:53,7/25/2013 14:51,12/31/2017 11:39,12/31/2017 12:12,7/26/2013
184,State St & 35th St,Chicago,41.83104,-87.62688,19,7/21/2013 7:52,10369,11740,8/5/2013 20:55,8/5/2013 17:11,12/30/2017 1:11,12/28/2017 13:15,8/6/2013
185,Stave St & Armitage Ave,Chicago,41.917741,-87.691392,11,7/26/2013 10:32,9502,9218,7/27/2013 6:38,7/27/2013 18:23,12/31/2017 18:11,12/30/2017 2:37,7/28/2013
186,Ogden Ave & Race Ave,Chicago,41.891795,-87.658751,15,7/27/2013 13:03,26008,26531,7/28/2013 9:47,7/28/2013 18:27,12/31/2017 19:06,12/31/2017 15:58,7/29/2013
188,Greenview Ave & Fullerton Ave,Chicago,41.92533,-87.6658,15,7/28/2013 14:35,21657,23505,7/11/2013 17:24,7/12/2013 16:47,12/31/2017 15:52,12/30/2017 23:47,7/12/2013
190,Southport Ave & Wrightwood Ave,Chicago,41.928773,-87.663913,15,8/5/2013 9:36,30718,29635,6/27/2013 19:47,6/27/2013 19:38,12/31/2017 12:05,12/31/2017 18:23,6/28/2013
191,Canal St & Monroe St (*),Chicago,41.880884,-87.639525,28,8/6/2013 13:14,68355,47833,8/7/2013 12:10,8/7/2013 11:57,12/31/2017 13:50,12/31/2017 14:26,8/8/2013
192,Canal St & Adams St,Chicago,41.879255,-87.639904,47,8/6/2013 13:27,157726,155395,7/4/2013 19:17,7/4/2013 9:20,12/31/2017 15:49,12/31/2017 10:51,7/5/2013
193,State St & 29th St,Chicago,41.841707,-87.626938,15,8/6/2013 14:08,2584,2551,8/23/2013 16:52,8/25/2013 15:06,12/26/2017 9:53,12/1/2017 17:40,8/24/2013
194,Wabash Ave & Wacker Pl,Chicago,41.886875,-87.62603,19,8/7/2013 14:01,53915,52813,8/10/2013 12:35,8/10/2013 12:45,12/31/2017 18:40,12/31/2017 18:39,8/11/2013
195,Columbus Dr & Randolph St,Chicago,41.884728,-87.619521,47,8/7/2013 14:11,124013,82222,7/1/2013 7:36,6/29/2013 12:37,12/31/2017 17:41,12/31/2017 17:14,6/30/2013
196,Cityfront Plaza Dr & Pioneer Ct,Chicago,41.890573,-87.622072,23,8/7/2013 16:23,49076,44706,8/10/2013 12:01,8/10/2013 12:39,12/31/2017 22:57,12/31/2017 21:49,8/11/2013
197,Michigan Ave & Madison St,Chicago,41.882134,-87.625125,19,8/8/2013 11:27,48503,44002,8/10/2013 16:19,8/10/2013 18:13,12/31/2017 18:22,12/31/2017 17:45,8/11/2013
198,Green St & Madison St,Chicago,41.881892,-87.648789,19,8/8/2013 11:47,55292,59401,8/10/2013 19:05,8/10/2013 17:23,12/31/2017 16:12,12/31/2017 18:35,8/11/2013
199,Wabash Ave & Grand Ave,Chicago,41.891466,-87.626761,31,8/8/2013 12:26,90386,93863,8/10/2013 13:50,8/10/2013 13:14,12/31/2017 19:03,12/31/2017 18:55,8/11/2013
200,MLK Jr Dr & 47th St,Chicago,41.809851,-87.616279,11,8/10/2013 15:31,2050,1817,8/15/2013 6:38,8/14/2013 23:00,12/20/2017 11:33,12/20/2017 18:45,8/15/2013
201,Indiana Ave & 40th St,Chicago,41.82168,-87.6216,15,8/10/2013 15:47,1488,1516,8/15/2013 20:56,8/14/2013 17:09,12/21/2017 8:27,12/9/2017 22:15,8/15/2013
202,Halsted St & 18th St,Chicago,41.857499,-87.646277,15,8/12/2013 17:23,11799,11093,8/13/2013 12:02,8/15/2013 17:12,12/31/2017 19:27,12/31/2017 12:48,8/14/2013
203,Western Ave & 21st St,Chicago,41.854109,-87.685838,15,8/13/2013 11:55,4652,4733,8/16/2013 8:04,8/16/2013 17:35,12/29/2017 9:11,12/28/2017 10:14,8/17/2013
204,Prairie Ave & Garfield Blvd,Chicago,41.794853,-87.618691,11,8/13/2013 15:14,6240,5757,8/15/2013 15:46,8/15/2013 13:16,12/24/2017 14:09,12/23/2017 20:38,8/16/2013
205,Paulina St & 18th St,Chicago,41.857901,-87.668745,15,8/13/2013 16:01,14045,14004,8/15/2013 12:41,8/13/2013 14:48,12/31/2017 19:09,12/31/2017 15:31,8/14/2013
206,Halsted St & Archer Ave,Chicago,41.847203,-87.646795,15,8/14/2013 8:53,9952,10186,8/15/2013 14:04,8/15/2013 7:25,12/30/2017 8:48,12/31/2017 12:15,8/16/2013
207,Emerald Ave & 28th St,Chicago,41.84358,-87.645368,15,8/14/2013 10:26,7651,6910,8/15/2013 20:33,8/15/2013 20:17,12/24/2017 9:55,12/31/2017 4:20,8/16/2013
208,Ashland Ave & 21st St,Chicago,41.85381,-87.665897,15,8/14/2013 13:01,4134,4524,8/18/2013 8:05,8/17/2013 11:07,12/22/2017 10:20,12/31/2017 18:48,8/18/2013
209,Normal Ave & Archer Ave,Chicago,41.849527,-87.640591,11,8/14/2013 13:18,5122,4739,8/16/2013 14:56,8/16/2013 16:53,12/24/2017 18:21,12/26/2017 15:28,8/17/2013
210,Ashland Ave & Division St,Chicago,41.90345,-87.667747,19,8/14/2013 16:30,56064,56653,8/16/2013 11:01,8/16/2013 13:00,12/31/2017 15:23,12/31/2017 20:05,8/17/2013
211,St. Clair St & Erie St,Chicago,41.894448,-87.622663,19,8/14/2013 16:32,81362,97339,8/15/2013 17:37,8/15/2013 17:13,12/31/2017 21:33,12/31/2017 21:33,8/16/2013
212,Orleans St & Ohio St,Chicago,41.892154,-87.636928,23,8/14/2013 17:16,63311,62419,7/30/2013 10:26,8/2/2013 20:21,12/31/2017 18:45,12/31/2017 18:02,7/31/2013
213,Leavitt St & North Ave,Chicago,41.910153,-87.68229,15,8/15/2013 11:42,21897,22130,8/17/2013 1:15,8/16/2013 22:47,12/31/2017 19:48,12/27/2017 18:22,8/17/2013
214,Damen Ave & Grand Ave,Chicago,41.89122,-87.67686,23,8/15/2013 11:46,22242,21802,8/16/2013 19:02,8/16/2013 16:44,12/31/2017 12:22,12/31/2017 13:00,8/17/2013
215,Damen Ave & Madison St,Chicago,41.88137,-87.67493,15,8/15/2013 14:08,10386,9938,8/15/2013 20:28,8/15/2013 20:54,12/29/2017 16:24,12/27/2017 18:47,8/16/2013
216,California Ave & Division St,Chicago,41.903029,-87.697474,15,8/15/2013 14:13,11358,13385,8/16/2013 19:49,8/16/2013 15:43,12/28/2017 13:00,12/29/2017 14:48,8/17/2013
217,Racine Ave (May St) & Fulton St,Chicago,41.886926,-87.656919,15,8/15/2013 15:14,30876,30920,8/16/2013 13:25,8/16/2013 13:43,12/31/2017 1:24,12/29/2017 8:45,8/17/2013
218,Wells St & 19th St,Chicago,41.856802,-87.633879,11,8/15/2013 16:21,5705,5256,8/23/2013 13:47,8/23/2013 14:27,12/23/2017 13:11,12/23/2017 14:35,8/24/2013
219,Damen Ave & Cortland St,Chicago,41.916027,-87.677411,19,8/16/2013 11:54,35039,35024,8/20/2013 15:43,8/20/2013 14:05,12/31/2017 11:11,12/30/2017 17:01,8/21/2013
220,Hampden Ct & Diversey Pkwy,Chicago,41.93262,-87.642385,23,8/16/2013 11:58,53905,62028,6/29/2013 13:29,6/29/2013 12:52,12/31/2017 15:44,12/31/2017 15:33,6/30/2013
222,Milwaukee Ave & Rockwell St,Chicago,41.920195,-87.693033,19,8/16/2013 15:04,11044,10869,8/23/2013 12:09,8/22/2013 23:13,12/31/2017 12:46,12/27/2017 16:56,8/23/2013
223,Clifton Ave & Armitage Ave,Chicago,41.918216,-87.656936,15,8/16/2013 16:07,32549,33124,8/22/2013 15:36,8/22/2013 17:10,12/31/2017 15:30,12/31/2017 16:08,8/23/2013
224,Halsted St & Willow St,Chicago,41.913778,-87.64884,19,8/16/2013 17:25,26548,26455,8/1/2013 16:24,8/2/2013 13:43,12/30/2017 11:58,12/30/2017 0:06,8/2/2013
225,Halsted St & Dickens Ave,Chicago,41.919936,-87.64883,15,8/19/2013 9:23,34677,35015,8/19/2013 15:30,8/19/2013 15:57,12/30/2017 14:18,12/31/2017 10:43,8/20/2013
226,Racine Ave & Belmont Ave,Chicago,41.939743,-87.658865,15,8/19/2013 9:29,31471,30952,8/20/2013 8:42,8/19/2013 18:08,12/31/2017 23:21,12/31/2017 10:15,8/20/2013
227,Southport Ave & Waveland Ave,Chicago,41.94815,-87.66394,23,8/19/2013 13:15,40616,40997,8/20/2013 15:09,8/20/2013 13:55,12/31/2017 19:09,12/31/2017 18:43,8/21/2013
228,Damen Ave & Melrose Ave,Chicago,41.9406,-87.6785,15,8/19/2013 15:50,13049,13956,8/20/2013 19:33,8/20/2013 16:43,12/28/2017 12:07,12/23/2017 16:58,8/21/2013
229,Southport Ave & Roscoe St,Chicago,41.943739,-87.66402,19,8/19/2013 16:10,46663,48247,8/2/2013 22:38,8/2/2013 21:34,12/31/2017 17:03,12/31/2017 15:57,8/3/2013
230,Lincoln Ave & Roscoe St,Chicago,41.94334,-87.67097,19,8/19/2013 17:20,35293,37801,8/20/2013 16:41,8/20/2013 16:51,12/31/2017 16:36,12/31/2017 17:22,8/21/2013
231,Sheridan Rd & Montrose Ave,Chicago,41.96167,-87.65464,23,8/20/2013 10:12,32817,34530,8/20/2013 11:35,8/20/2013 18:48,12/31/2017 17:18,12/31/2017 16:45,8/21/2013
232,Pine Grove Ave & Waveland Ave,Chicago,41.949275,-87.646303,23,8/20/2013 11:09,44880,45545,6/28/2013 11:21,6/30/2013 14:47,12/31/2017 20:17,12/31/2017 21:44,6/29/2013
233,Sangamon St & Washington Blvd (*),Chicago,41.883004,-87.651148,16,8/20/2013 11:46,34423,32743,8/2/2013 18:35,8/2/2013 17:37,12/31/2017 0:05,12/31/2017 16:30,8/3/2013
234,Clark St & Montrose Ave,Chicago,41.961588,-87.666036,19,8/20/2013 14:21,17363,17066,8/21/2013 17:30,8/21/2013 17:38,12/30/2017 18:28,12/31/2017 19:16,8/22/2013
236,Sedgwick St & Schiller St,Chicago,41.905664,-87.638517,15,8/20/2013 16:12,10632,9913,8/21/2013 20:21,8/20/2013 18:05,12/31/2017 9:36,12/31/2017 18:26,8/21/2013
237,MLK Jr Dr & 29th St,Chicago,41.842052,-87.617,15,8/20/2013 16:56,22615,21335,8/20/2013 18:01,8/20/2013 18:00,12/30/2017 14:56,12/29/2017 13:52,8/21/2013
238,Ravenswood Ave & Montrose Ave (*),Chicago,41.961615,-87.674365,16,8/21/2013 9:51,17741,16810,8/22/2013 18:09,8/22/2013 21:32,12/29/2017 12:47,12/29/2017 21:13,8/23/2013
239,Western Ave & Leland Ave,Chicago,41.966555,-87.688487,19,8/21/2013 10:50,21414,23182,8/21/2013 17:12,8/21/2013 17:29,12/31/2017 15:29,12/31/2017 15:07,8/22/2013
240,Sheridan Rd & Irving Park Rd,Chicago,41.954245,-87.654406,27,8/21/2013 11:07,53910,55299,8/13/2013 10:43,8/13/2013 10:47,12/31/2017 23:42,12/31/2017 15:36,8/14/2013
241,Morgan St & Polk St,Chicago ,41.871737,-87.65103,19,8/21/2013 11:57,43533,43235,8/22/2013 15:41,8/22/2013 15:57,12/30/2017 16:22,12/31/2017 20:57,8/23/2013
242,Damen Ave & Leland Ave,Chicago ,41.967094,-87.679028,15,8/21/2013 16:08,19467,18574,8/22/2013 21:11,8/22/2013 19:33,12/31/2017 18:55,12/31/2017 22:55,8/23/2013
243,Lincoln Ave & Leavitt St,Chicago ,41.962391,-87.684146,15,8/21/2013 16:45,19370,21211,8/22/2013 20:50,8/22/2013 16:59,12/29/2017 0:49,12/31/2017 11:18,8/23/2013
244,Ravenswood Ave & Irving Park Rd,Chicago,41.95469,-87.67393,19,8/22/2013 9:49,19473,20403,6/29/2013 6:26,7/2/2013 17:56,12/31/2017 14:46,12/31/2017 14:01,6/30/2013
245,Clarendon Ave & Junior Ter,Chicago,41.961004,-87.649603,23,8/22/2013 11:01,25630,24925,8/26/2013 15:43,8/26/2013 14:58,12/31/2017 14:35,12/31/2017 23:47,8/27/2013
246,Ashland Ave & Belle Plaine Ave,Chicago,41.956061,-87.668869,11,8/22/2013 12:47,11627,10812,8/26/2013 16:00,8/26/2013 17:39,12/31/2017 15:34,12/31/2017 18:15,8/27/2013
247,Shore Dr & 55th St,Chicago,41.795212,-87.580715,19,8/22/2013 12:50,25371,26228,8/23/2013 16:21,8/23/2013 16:20,12/31/2017 10:50,12/29/2017 14:41,8/24/2013
248,Woodlawn Ave & 55th St,Chicago,41.795264,-87.596471,19,8/22/2013 14:31,12430,11639,8/23/2013 16:14,8/23/2013 18:09,12/28/2017 12:21,12/31/2017 15:53,8/24/2013
249,Montrose Harbor,Chicago,41.963982,-87.638181,31,8/22/2013 17:09,58777,59039,6/28/2013 20:58,6/28/2013 13:54,12/31/2017 9:59,12/31/2017 9:26,6/29/2013
250,Ashland Ave & Wellington Ave,Chicago,41.936083,-87.669807,19,8/23/2013 9:09,16150,17616,6/28/2013 13:24,7/11/2013 18:32,12/28/2017 13:30,12/28/2017 12:24,6/29/2013
251,Clarendon Ave & Leland Ave,Chicago,41.967968,-87.650001,15,8/26/2013 11:52,17142,17632,6/28/2013 8:37,6/27/2013 19:10,12/31/2017 15:22,12/31/2017 21:15,6/28/2013
252,Greenwood Ave & 47th St,Chicago,41.809835,-87.599383,15,8/26/2013 14:33,6287,5720,6/28/2013 11:05,6/29/2013 12:28,12/22/2017 12:48,12/30/2017 13:49,6/29/2013
253,Clifton Ave & Lawrence Ave,Chicago,41.968812,-87.657659,15,8/31/2013 8:58,15806,16086,9/5/2013 21:23,9/6/2013 16:58,12/31/2017 11:41,12/31/2017 15:26,9/6/2013
254,Pine Grove Ave & Irving Park Rd,Chicago,41.954383,-87.648043,15,8/31/2013 9:03,45649,45056,9/9/2013 15:09,9/9/2013 16:19,12/31/2017 15:27,12/31/2017 17:44,9/10/2013
255,Indiana Ave & Roosevelt Rd,Chicago,41.867888,-87.623041,39,8/31/2013 10:38,95853,90592,6/28/2013 20:37,6/28/2013 0:50,12/31/2017 15:36,12/31/2017 23:09,6/29/2013
256,Broadway & Sheridan Rd,Chicago,41.952833,-87.649993,15,8/31/2013 11:54,25270,23603,9/5/2013 18:27,9/5/2013 18:58,12/31/2017 20:26,12/31/2017 20:20,9/6/2013
257,Lincoln Ave & Waveland Ave,Chicago,41.948797,-87.675278,15,8/31/2013 12:17,17072,18128,9/9/2013 18:31,9/9/2013 18:14,12/31/2017 11:26,12/31/2017 16:14,9/10/2013
258,Logan Blvd & Elston Ave,Chicago,41.930584,-87.685126,19,8/31/2013 14:15,18962,20433,9/9/2013 16:36,9/9/2013 19:07,12/31/2017 16:17,12/31/2017 15:53,9/10/2013
259,California Ave & Francis Pl,Chicago,41.918121,-87.696972,15,9/3/2013 9:39,15247,14159,9/3/2013 10:51,9/3/2013 10:52,12/30/2017 18:39,12/31/2017 22:44,9/4/2013
260,Kedzie Ave & Milwaukee Ave,Chicago,41.929567,-87.707857,27,9/3/2013 12:41,34699,37052,9/17/2013 14:59,9/17/2013 15:34,12/31/2017 17:27,12/31/2017 22:11,9/18/2013
261,Hermitage Ave & Polk St,Chicago,41.871514,-87.669886,15,9/3/2013 13:15,21287,20816,9/5/2013 15:26,9/6/2013 8:10,12/29/2017 15:03,12/29/2017 11:27,9/6/2013
262,Halsted St & 37th St,Chicago,41.827059,-87.64572,11,9/3/2013 13:18,1974,2198,6/28/2013 14:36,6/28/2013 17:05,12/31/2017 11:57,12/31/2017 10:51,6/29/2013
263,Rhodes Ave & 32nd St,Chicago,41.836208,-87.613533,11,9/3/2013 13:47,9440,8925,9/18/2013 11:46,9/18/2013 12:36,12/28/2017 15:26,12/28/2017 15:26,9/19/2013
264,Stetson Ave & South Water St,Chicago,41.886835,-87.62232,19,9/3/2013 15:12,53526,42237,9/18/2013 18:31,9/4/2013 10:25,12/31/2017 13:59,12/31/2017 16:08,9/5/2013
265,Cottage Grove Ave & Oakwood Blvd,Chicago,41.822985,-87.6071,15,9/3/2013 17:01,5636,5792,9/18/2013 12:12,9/19/2013 18:44,12/28/2017 7:38,12/28/2017 7:38,9/19/2013
267,Lake Park Ave & 47th St,Chicago,41.809443,-87.591875,15,9/4/2013 15:57,11501,12134,9/17/2013 20:50,9/17/2013 15:27,12/25/2017 16:27,12/24/2017 14:33,9/18/2013
268,Lake Shore Dr & North Blvd,Chicago,41.911722,-87.626804,39,9/5/2013 9:48,165857,185140,9/12/2013 16:33,9/12/2013 16:29,12/31/2017 9:03,12/31/2017 10:00,9/13/2013
270,Stony Island Ave & 75th St,Chicago,41.75866967,-87.58688287,11,9/5/2013 14:16,457,502,4/28/2015 7:01,4/28/2015 13:34,12/28/2017 14:15,12/28/2017 14:29,4/29/2015
271,Cottage Grove Ave & 43rd St,Chicago,41.816499,-87.606582,11,9/9/2013 16:33,2028,2082,9/12/2013 18:17,9/12/2013 17:28,12/3/2017 16:19,12/3/2017 16:19,9/13/2013
272,Indiana Ave & 31st St,Chicago,41.838842,-87.621857,11,9/9/2013 16:51,11704,11360,9/13/2013 8:36,9/14/2013 9:54,12/30/2017 14:08,12/31/2017 11:46,9/14/2013
273,Michigan Ave & 18th St,Chicago,41.857813,-87.62455,23,9/10/2013 9:13,37974,38619,7/15/2013 20:30,7/15/2013 18:03,12/31/2017 5:49,12/31/2017 20:50,7/16/2013
274,Racine Ave & 15th St,Chicago,41.861267,-87.656625,15,9/10/2013 10:45,9398,9615,9/13/2013 8:42,9/12/2013 21:21,12/30/2017 8:21,12/30/2017 8:36,9/13/2013
275,Ashland Ave & 13th St,Chicago,41.865234,-87.666507,15,9/10/2013 12:20,6041,6629,9/12/2013 20:20,9/13/2013 12:23,12/31/2017 11:01,12/30/2017 13:57,9/13/2013
276,California Ave & North Ave,Chicago,41.91044,-87.6972,11,9/10/2013 14:24,12716,12153,9/13/2013 2:57,9/12/2013 18:03,12/31/2017 18:33,12/30/2017 2:31,9/13/2013
277,Ashland Ave & Grand Ave,Chicago,41.891072,-87.666611,15,9/10/2013 14:57,15681,14993,9/12/2013 16:13,9/12/2013 19:32,12/28/2017 18:01,12/26/2017 16:52,9/13/2013
278,Wallace St & 35th St,Chicago,41.830629,-87.64129,15,9/10/2013 15:57,5367,5295,9/14/2013 2:08,9/13/2013 19:58,12/29/2017 17:44,12/30/2017 2:51,9/14/2013
279,Halsted St & 35th St (*),Chicago,41.830661,-87.647172,16,9/11/2013 9:17,6521,6996,6/28/2013 10:04,6/28/2013 15:13,12/31/2017 16:12,12/31/2017 12:00,6/29/2013
280,Morgan St & 31st St,Chicago,41.8378,-87.65114,11,9/11/2013 11:50,8006,8135,9/13/2013 22:26,9/14/2013 2:13,12/31/2017 12:08,12/30/2017 1:26,9/14/2013
281,Western Ave & 24th St,Chicago,41.84847,-87.685109,11,9/11/2013 12:09,1857,1796,9/13/2013 14:55,9/14/2013 12:23,12/25/2017 18:44,12/24/2017 16:59,9/14/2013
282,Halsted St & Maxwell St,Chicago,41.864883,-87.647071,15,9/11/2013 14:02,24786,24689,9/13/2013 20:10,9/13/2013 21:09,12/29/2017 15:09,12/30/2017 19:02,9/14/2013
283,LaSalle St & Jackson Blvd,Chicago,41.87817,-87.631985,35,9/11/2013 15:53,92476,87700,9/14/2013 13:11,9/14/2013 15:01,12/30/2017 15:50,12/30/2017 14:40,9/15/2013
284,Michigan Ave & Jackson Blvd,Chicago,41.87785,-87.62408,23,9/12/2013 9:21,77009,78448,9/14/2013 11:35,9/14/2013 11:19,12/31/2017 18:59,12/30/2017 14:08,9/15/2013
285,Wood St & Hubbard St,Chicago,41.889587,-87.671956,19,9/12/2013 10:22,15395,15733,6/29/2013 19:34,6/29/2013 15:57,12/31/2017 0:09,12/28/2017 18:54,6/30/2013
286,Franklin St & Quincy St,Chicago,41.878724,-87.634793,23,9/12/2013 12:08,61378,59395,9/14/2013 13:28,9/14/2013 14:41,12/30/2017 19:28,12/31/2017 11:00,9/15/2013
287,Franklin St & Monroe St,Chicago,41.880317,-87.635185,27,9/12/2013 14:19,113129,104948,9/13/2013 15:10,9/13/2013 15:10,12/31/2017 7:26,12/31/2017 19:07,9/14/2013
288,Larrabee St & Armitage Ave,Chicago,41.918084,-87.643749,11,9/12/2013 15:23,26059,24966,9/13/2013 23:46,9/14/2013 0:37,12/31/2017 10:39,12/31/2017 10:57,9/14/2013
289,Wells St & Concord Ln,Chicago,41.912133,-87.634656,19,9/13/2013 9:46,87151,86537,9/14/2013 15:23,9/14/2013 14:51,12/31/2017 15:55,12/31/2017 20:23,9/15/2013
290,Kedzie Ave & Palmer Ct,Chicago,41.921525,-87.707322,15,9/13/2013 10:50,17078,16092,10/9/2013 19:06,10/9/2013 18:06,12/31/2017 17:36,12/31/2017 21:39,10/10/2013
291,Wells St & Evergreen Ave,Chicago,41.906724,-87.63483,19,9/13/2013 12:11,52602,52028,9/13/2013 16:46,9/5/2013 14:25,12/31/2017 16:42,12/31/2017 16:54,9/6/2013
292,Southport Ave & Clark St,Chicago,41.957081,-87.664199,11,9/13/2013 14:55,11547,10186,9/9/2013 10:07,9/9/2013 10:08,12/30/2017 18:25,12/29/2017 17:58,9/10/2013
293,Broadway & Wilson Ave,Chicago,41.965221,-87.658139,15,9/17/2013 14:59,17074,18015,9/18/2013 20:51,9/18/2013 12:49,12/31/2017 22:05,12/31/2017 15:57,9/19/2013
294,Broadway & Berwyn Ave,Chicago,41.978353,-87.659753,15,9/17/2013 15:42,22596,24391,9/18/2013 22:54,9/18/2013 17:26,12/29/2017 19:05,12/31/2017 16:10,9/19/2013
295,Broadway & Argyle St,Chicago,41.973815,-87.65966,15,9/17/2013 17:38,15838,16930,9/19/2013 11:39,9/18/2013 23:54,12/31/2017 13:22,12/31/2017 3:23,9/19/2013
296,Broadway & Belmont Ave,Chicago,41.940106,-87.645451,19,9/17/2013 17:48,40658,45041,9/13/2013 19:01,9/14/2013 12:05,12/31/2017 18:56,12/31/2017 14:10,9/14/2013
297,Paulina St & Montrose Ave,Chicago,41.961507,-87.671387,15,9/18/2013 11:00,9202,8397,9/19/2013 17:09,9/19/2013 17:56,12/29/2017 7:38,12/29/2017 10:41,9/20/2013
298,Lincoln Ave & Belle Plaine Ave,Chicago,41.955927,-87.679259,15,9/18/2013 11:51,18623,20400,10/2/2013 8:17,10/1/2013 19:40,12/31/2017 14:40,12/29/2017 17:16,10/2/2013
299,Halsted St & Roscoe St,Chicago,41.94367,-87.64895,15,9/18/2013 14:50,41726,42241,9/19/2013 14:21,9/19/2013 15:53,12/31/2017 17:38,12/31/2017 15:33,9/20/2013
300,Broadway & Barry Ave,Chicago,41.937725,-87.644095,19,9/18/2013 15:13,51876,54606,6/28/2013 19:20,6/27/2013 14:40,12/31/2017 16:30,12/31/2017 17:20,6/28/2013
301,Clark St & Schiller St,Chicago,41.907993,-87.631501,19,9/18/2013 16:18,56125,50309,9/19/2013 13:02,9/19/2013 16:07,12/31/2017 18:21,12/31/2017 18:15,9/20/2013
302,Sheffield Ave & Wrightwood Ave,Chicago,41.928712,-87.653833,19,9/18/2013 16:55,33521,31817,9/20/2013 15:27,9/20/2013 15:26,12/30/2017 19:12,12/31/2017 10:13,9/21/2013
303,Broadway & Cornelia Ave,Chicago,41.945529,-87.646439,23,9/19/2013 9:39,44233,45232,9/19/2013 18:20,9/19/2013 18:03,12/31/2017 13:26,12/31/2017 14:52,9/20/2013
304,Broadway & Waveland Ave,Chicago,41.949074,-87.648636,15,9/19/2013 12:10,38542,39381,9/19/2013 19:05,9/19/2013 18:20,12/31/2017 21:42,12/31/2017 12:53,9/20/2013
305,Western Ave & Division St,Chicago,41.902893,-87.687275,15,9/19/2013 12:55,18736,18932,6/30/2013 16:05,6/30/2013 13:14,12/29/2017 8:32,12/30/2017 4:52,7/1/2013
306,Sheridan Rd & Buena Ave,Chicago,41.958494,-87.654966,19,9/19/2013 15:36,22981,22666,9/24/2013 12:44,9/23/2013 21:53,12/28/2017 20:01,12/30/2017 23:34,9/24/2013
307,Southport Ave & Clybourn Ave,Chicago,41.920771,-87.663712,15,9/19/2013 16:30,27071,29372,9/25/2013 12:29,9/25/2013 13:32,12/31/2017 16:04,12/31/2017 15:34,9/26/2013
308,Seeley Ave & Roscoe St,Chicago,41.943403,-87.679618,11,9/19/2013 16:55,14821,15431,9/27/2013 13:34,9/27/2013 13:34,12/30/2017 11:49,12/31/2017 9:17,9/28/2013
309,Leavitt St & Armitage Ave,Chicago,41.917805,-87.682437,11,9/19/2013 17:19,17929,16874,9/20/2013 14:37,9/20/2013 16:03,12/29/2017 17:34,12/23/2017 15:34,9/21/2013
310,Damen Ave & Charleston St,Chicago,41.920082,-87.677855,11,9/19/2013 17:59,17048,17408,9/20/2013 19:27,6/29/2013 17:29,12/29/2017 10:44,12/30/2017 13:02,6/30/2013
311,Leavitt St & Lawrence Ave,Chicago,41.968885,-87.684001,19,9/20/2013 9:23,12074,12183,6/28/2013 0:23,6/27/2013 16:15,12/31/2017 12:20,12/30/2017 16:41,6/28/2013
312,Clarendon Ave & Gordon Ter,Chicago,41.957879,-87.649519,15,9/20/2013 9:45,28392,28015,6/30/2013 10:34,6/30/2013 11:02,12/31/2017 16:39,12/31/2017 17:45,7/1/2013
313,Lakeview Ave & Fullerton Pkwy,Chicago,41.925858,-87.638973,19,9/20/2013 10:42,56635,57504,6/30/2013 17:06,6/30/2013 3:06,12/31/2017 13:29,12/31/2017 16:44,7/1/2013
314,Ravenswood Ave & Berteau Ave,Chicago,41.957921,-87.673567,15,9/20/2013 11:56,14573,13916,8/3/2013 22:25,7/29/2013 15:12,12/31/2017 17:51,12/30/2017 9:26,7/30/2013
315,Elston Ave & Wabansia Ave,Chicago,41.912919,-87.664169,23,9/20/2013 12:38,12679,12570,9/22/2013 9:52,9/22/2013 4:02,12/29/2017 14:31,12/31/2017 8:35,9/23/2013
316,Damen Ave & Sunnyside Ave,Chicago,41.96325,-87.679258,19,9/20/2013 14:22,12262,12253,9/25/2013 19:37,9/25/2013 18:33,12/31/2017 10:17,12/22/2017 12:16,9/26/2013
317,Wood St & Taylor St,Chicago,41.869154,-87.671045,23,9/20/2013 14:44,20927,21766,9/22/2013 9:55,9/22/2013 10:15,12/29/2017 16:35,12/29/2017 7:47,9/23/2013
318,Southport Ave & Irving Park Rd,Chicago,41.954177,-87.664358,15,9/20/2013 14:56,22703,21815,9/22/2013 10:52,9/22/2013 12:02,12/31/2017 20:42,12/30/2017 20:49,9/23/2013
319,Greenview Ave & Diversey Pkwy,Chicago,41.932595,-87.665939,15,9/20/2013 15:20,14734,15195,6/30/2013 16:08,6/29/2013 19:40,12/29/2017 7:17,12/30/2017 4:12,6/30/2013
320,Loomis St & Lexington St,Chicago,41.872187,-87.661501,19,9/20/2013 16:26,30682,29229,6/27/2013 15:54,6/28/2013 11:53,12/31/2017 21:25,12/31/2017 10:57,6/28/2013
321,Wabash Ave & 9th St,Chicago,41.870769,-87.625734,19,9/20/2013 16:37,50558,50827,7/28/2013 23:59,9/21/2013 16:35,12/31/2017 10:08,12/29/2017 16:14,7/29/2013
322,Kimbark Ave & 53rd St,Chicago,41.799568,-87.594747,19,9/20/2013 16:51,20587,20732,6/28/2013 17:30,6/28/2013 17:01,12/31/2017 17:32,12/31/2017 17:14,6/29/2013
323,Sheridan Rd & Lawrence Ave,Chicago,41.969517,-87.654691,15,9/21/2013 11:30,10975,11658,9/23/2013 16:31,9/23/2013 18:28,12/31/2017 10:34,12/31/2017 15:28,9/24/2013
324,Stockton Dr & Wrightwood Ave,Chicago,41.93132,-87.638742,15,9/21/2013 11:55,32634,35777,10/3/2013 18:09,10/3/2013 18:07,12/31/2017 12:59,12/31/2017 9:58,10/4/2013
325,Clark St & Winnemac Ave,Chicago,41.973345,-87.667682,19,9/23/2013 9:59,27383,27855,9/23/2013 21:49,9/23/2013 16:44,12/31/2017 18:03,12/31/2017 13:34,9/24/2013
326,Clark St & Leland Ave,Chicago,41.967096,-87.667429,19,9/23/2013 15:02,17458,16222,9/27/2013 16:23,9/27/2013 14:45,12/30/2017 23:41,12/31/2017 19:00,9/28/2013
327,Sheffield Ave & Webster Ave,Chicago,41.92154,-87.653818,19,9/23/2013 15:05,40759,42734,9/25/2013 14:43,9/25/2013 12:07,12/31/2017 17:43,12/31/2017 17:02,9/26/2013
328,Ellis Ave & 58th St,Chicago,41.788746,-87.601334,19,9/25/2013 9:38,18533,19099,6/30/2013 13:42,7/1/2013 12:05,12/29/2017 17:15,12/29/2017 12:50,7/1/2013
329,Lake Shore Dr & Diversey Pkwy,Chicago,41.932684,-87.63625,15,9/25/2013 9:49,43229,42929,9/25/2013 20:12,9/25/2013 17:53,12/31/2017 14:57,12/31/2017 14:58,9/26/2013
330,Lincoln Ave & Addison St,Chicago,41.946176,-87.673308,19,9/25/2013 13:25,10163,10212,7/2/2013 17:43,6/30/2013 18:15,12/28/2017 13:17,12/30/2017 13:38,7/1/2013
331,Halsted St & Blackhawk St (*),Chicago,41.908537,-87.648627,20,9/25/2013 13:55,39086,41990,9/28/2013 16:47,9/28/2013 16:25,12/31/2017 16:33,12/31/2017 20:37,9/29/2013
332,Halsted St & Diversey Pkwy,Chicago,41.933666,-87.648959,19,9/25/2013 15:35,35133,37481,9/28/2013 11:20,9/28/2013 11:44,12/31/2017 10:51,12/31/2017 16:58,9/29/2013
333,Ashland Ave & Blackhawk St,Chicago,41.907066,-87.667252,15,9/25/2013 16:37,23674,24076,9/27/2013 17:45,9/27/2013 19:03,12/31/2017 17:58,12/31/2017 17:31,9/28/2013
334,Lake Shore Dr & Belmont Ave,Chicago,41.940775,-87.639192,19,9/26/2013 10:16,62647,64740,9/27/2013 15:19,9/27/2013 15:15,12/31/2017 15:41,12/31/2017 18:57,9/28/2013
335,Calumet Ave & 35th St,Chicago,41.831379,-87.618034,15,9/26/2013 10:33,3547,3614,10/19/2013 10:33,10/19/2013 12:44,12/28/2017 9:26,12/29/2017 13:07,10/20/2013
336,Cottage Grove Ave & 47th St,Chicago,41.809855,-87.606755,15,9/26/2013 11:04,3114,3259,10/17/2013 14:50,10/17/2013 14:43,12/31/2017 12:19,12/31/2017 12:10,10/18/2013
337,Clark St & Chicago Ave,Chicago,41.896544,-87.630931,19,9/26/2013 15:53,42832,39531,9/27/2013 18:40,9/27/2013 18:39,12/31/2017 23:34,12/31/2017 18:15,9/28/2013
338,Calumet Ave & 18th St,Chicago,41.857611,-87.619407,15,9/26/2013 15:59,36004,35288,9/8/2013 9:15,9/8/2013 11:20,12/31/2017 20:46,12/31/2017 5:53,9/9/2013
339,Emerald Ave & 31st St,Chicago,41.838198,-87.645143,11,9/27/2013 12:26,11302,11952,9/28/2013 23:14,9/29/2013 16:22,12/30/2017 12:31,12/30/2017 11:22,9/29/2013
340,Clark St & Wrightwood Ave,Chicago,41.929546,-87.643118,15,10/1/2013 11:35,57191,57807,6/27/2013 19:23,6/27/2013 19:57,12/31/2017 23:48,12/31/2017 21:22,6/28/2013
341,Adler Planetarium,Chicago,41.866095,-87.607267,39,10/3/2013 12:01,80204,79601,6/28/2013 9:49,6/29/2013 16:40,12/31/2017 14:18,12/31/2017 12:48,6/29/2013
342,Wolcott Ave & Polk St,Chicago,41.871262,-87.673688,15,10/3/2013 15:04,29972,29291,8/26/2013 18:04,8/26/2013 16:10,12/31/2017 12:32,12/31/2017 8:50,8/27/2013
343,Racine Ave & Wrightwood Ave,Chicago,41.928887,-87.658971,15,10/3/2013 15:54,20264,18736,10/25/2013 11:02,10/25/2013 14:32,12/30/2017 10:19,12/31/2017 23:51,10/26/2013
344,Ravenswood Ave & Lawrence Ave,Chicago,41.96909,-87.674237,39,10/3/2013 16:21,45062,45474,10/9/2013 17:35,10/2/2013 11:37,12/31/2017 20:57,12/31/2017 12:07,10/3/2013
345,Lake Park Ave & 56th St,Chicago,41.793242,-87.587782,19,10/4/2013 11:37,16226,16994,10/9/2013 13:24,10/9/2013 13:21,12/31/2017 11:29,12/31/2017 11:01,10/10/2013
346,Ada St & Washington Blvd,Chicago,41.88283,-87.661206,15,10/4/2013 14:37,30806,31418,10/10/2013 16:09,10/10/2013 16:11,12/31/2017 11:14,12/29/2017 16:30,10/11/2013
347,Ashland Ave & Grace St,Chicago,41.950687,-87.6687,15,10/4/2013 16:06,18381,16994,7/31/2013 17:38,10/12/2013 19:31,12/31/2017 11:54,12/30/2017 17:24,8/1/2013
348,California Ave & 21st St,Chicago,41.854016,-87.695445,15,10/9/2013 16:13,3058,3672,6/29/2013 19:37,6/27/2013 23:37,12/28/2017 8:15,12/28/2017 8:01,6/28/2013
349,Halsted St & Wrightwood Ave,Chicago,41.929143,-87.649077,15,10/10/2013 12:40,37843,35631,6/27/2013 15:15,6/27/2013 15:05,12/31/2017 18:48,12/31/2017 17:50,6/28/2013
350,Ashland Ave & Chicago Ave,Chicago,41.895966,-87.667747,15,10/10/2013 14:22,25127,25630,6/28/2013 8:14,6/27/2013 23:39,12/31/2017 12:07,12/31/2017 11:44,6/28/2013
351,Cottage Grove Ave & 51st St,Chicago,41.803038,-87.606615,15,10/10/2013 16:56,2603,2547,6/28/2013 11:39,6/28/2013 12:48,12/11/2017 11:56,12/18/2017 19:34,6/29/2013
352,Jeffery Blvd & 67th St,Chicago,41.77351755,-87.57714283,15,10/28/2013 13:24,1540,1488,4/28/2015 9:47,5/1/2015 16:30,12/23/2017 17:00,12/23/2017 18:35,4/29/2015
353,Clark St & Touhy Ave,Chicago,42.01256012,-87.67436712,15,12/31/2013 14:08,1475,1533,5/18/2015 20:27,5/21/2015 18:31,12/29/2017 14:00,12/29/2017 7:41,5/19/2015
354,Sheridan Rd & Greenleaf Ave,Chicago,42.01058656,-87.66241209,15,12/31/2013 14:09,5172,5104,5/15/2015 17:04,5/15/2015 18:13,12/31/2017 14:19,12/31/2017 14:18,5/16/2015
355,South Shore Dr & 67th St,Chicago,41.773643,-87.567514,19,1/9/2014 15:11,2118,2087,4/26/2015 17:29,4/26/2015 18:49,12/21/2017 12:03,12/21/2017 12:39,4/27/2015
356,Stony Island Ave & 71st St,Chicago,41.76649294,-87.58646088,11,3/12/2014 12:27,692,693,4/30/2015 19:10,4/30/2015 14:10,12/19/2017 18:10,12/19/2017 18:10,5/1/2015
359,Larrabee St & Division St,Chicago,41.90348607,-87.64335349,23,4/22/2014 15:54,24234,22700,5/2/2015 14:20,5/2/2015 14:01,12/31/2017 19:47,12/31/2017 19:28,5/3/2015
364,Larrabee St & Oak St,Chicago,41.90021949,-87.64298547,19,1/30/2015 12:38,21863,22633,5/2/2015 16:40,5/2/2015 16:40,12/31/2017 17:50,12/30/2017 22:39,5/3/2015
365,Halsted St & North Branch St,Chicago,41.89936844,-87.64847988,15,1/30/2015 12:40,6585,6096,5/17/2015 17:27,5/16/2015 13:57,12/28/2017 15:19,12/30/2017 12:19,5/17/2015
366,Loomis St & Archer Ave,Chicago,41.84163254,-87.65743495,15,1/30/2015 12:43,2873,2566,4/14/2015 14:37,4/14/2015 17:36,12/31/2017 10:19,12/31/2017 12:32,4/15/2015
367,Racine Ave & 35th St,Chicago,41.83069611,-87.65597591,15,1/30/2015 12:47,2024,2112,4/14/2015 19:56,4/14/2015 20:46,12/21/2017 17:43,12/21/2017 14:57,4/15/2015
368,Ashland Ave & Archer Ave,Chicago,41.83920868,-87.66560986,15,1/30/2015 12:51,1276,1205,4/14/2015 20:03,4/17/2015 6:14,12/26/2017 16:41,12/26/2017 15:18,4/15/2015
369,Wood St & 35th St,Chicago,41.83010465,-87.67029831,11,1/30/2015 12:53,1033,1108,4/16/2015 7:32,4/17/2015 14:48,12/6/2017 12:32,12/17/2017 15:02,4/17/2015
370,Calumet Ave & 21st St,Chicago,41.85418425,-87.61915374,15,1/30/2015 13:02,10261,10458,5/1/2015 16:59,5/1/2015 16:53,12/29/2017 17:10,12/29/2017 16:00,5/2/2015
373,Kedzie Ave & Chicago Ave,Chicago,41.8954653,-87.70612788,15,1/30/2015 13:57,1737,1935,5/2/2015 12:56,5/4/2015 19:20,12/23/2017 15:05,12/22/2017 18:06,5/3/2015
374,Western Ave & Walton St,Chicago,41.89841769,-87.68659602,19,1/30/2015 13:58,14398,14110,4/28/2015 0:09,4/27/2015 19:54,12/31/2017 17:19,12/31/2017 18:09,4/28/2015
375,Sacramento Blvd & Franklin Blvd,Chicago,41.889727,-87.70103,11,1/30/2015 13:58,919,873,5/15/2015 16:53,5/17/2015 11:37,12/16/2017 14:34,12/17/2017 22:21,5/16/2015
376,Artesian Ave & Hubbard St,Chicago,41.88949182,-87.68821936,35,1/30/2015 13:59,14940,10470,4/27/2015 17:48,4/27/2015 18:45,12/29/2017 8:51,12/24/2017 8:40,4/28/2015
377,Kedzie Ave & Lake St,Chicago,41.88460329,-87.70630374,19,1/30/2015 13:59,2637,2765,4/29/2015 16:40,4/29/2015 18:43,12/21/2017 8:32,12/25/2017 16:39,4/30/2015
378,California Ave & Lake St,Chicago,41.88445396,-87.69629814,15,1/30/2015 14:00,1990,1988,4/27/2015 23:09,4/28/2015 21:43,12/23/2017 8:36,12/23/2017 8:44,4/28/2015
381,Western Ave & Monroe St,Chicago,41.87978771,-87.68611281,15,1/30/2015 14:22,3050,3510,4/27/2015 20:01,5/1/2015 19:13,12/30/2017 20:27,12/30/2017 20:15,4/28/2015
382,Western Ave & Congress Pkwy,Chicago,41.87474885,-87.68644528,19,1/30/2015 14:25,4584,4619,4/28/2015 9:21,4/27/2015 18:42,12/30/2017 19:11,12/30/2017 20:31,4/28/2015
383,Ashland Ave & Harrison St,Chicago,41.874293,-87.667284,23,1/30/2015 14:28,14649,14343,4/27/2015 15:42,4/27/2015 14:41,12/30/2017 22:36,12/31/2017 8:02,4/28/2015
384,Halsted St & 51st St,Chicago,41.80183164,-87.6452139,11,1/30/2015 14:37,105,116,4/21/2015 13:01,4/15/2015 19:47,11/24/2017 13:01,10/20/2017 16:38,4/16/2015
385,Princeton Ave & Garfield Blvd,Chicago,41.794982,-87.633124,11,1/30/2015 14:37,807,708,4/28/2015 16:12,4/29/2015 18:35,12/22/2017 8:28,12/21/2017 19:38,4/29/2015
386,Halsted St & 56th St,Chicago,41.79292965,-87.64499006,11,1/30/2015 14:38,246,230,4/17/2015 14:57,5/3/2015 11:05,12/14/2017 0:56,12/11/2017 13:01,4/18/2015
388,Halsted St & 63rd St,Chicago,41.77938114,-87.64462081,15,1/30/2015 14:41,455,464,4/27/2015 0:04,4/25/2015 18:23,12/21/2017 12:04,12/27/2017 9:06,4/26/2015
390,Wentworth Ave & 63rd St,Chicago,41.78007963,-87.62974631,11,1/30/2015 14:42,393,274,5/20/2015 22:08,5/26/2015 10:53,12/21/2017 18:33,12/27/2017 6:13,5/21/2015
391,Halsted St & 69th St,Chicago,41.76906172,-87.64461358,11,1/30/2015 14:42,165,191,5/2/2015 15:05,5/1/2015 21:53,12/19/2017 21:18,12/19/2017 15:48,5/2/2015
392,Perry Ave & 69th St,Chicago,41.76929309,-87.62819593,11,1/30/2015 14:43,233,222,5/12/2015 18:31,5/10/2015 19:30,12/22/2017 17:15,12/22/2017 20:54,5/11/2015
393,Calumet Ave & 71st St,Chicago,41.76550801,-87.61691793,11,1/30/2015 14:45,171,159,4/26/2015 15:10,5/6/2015 17:07,12/10/2017 19:42,12/7/2017 14:41,4/27/2015
394,Clark St & 9th St (AMLI),Chicago,41.870816,-87.631246,15,1/30/2015 15:11,10382,10399,8/26/2015 12:42,8/26/2015 12:44,12/30/2017 11:34,12/31/2017 21:07,8/27/2015
395,Jeffery Blvd & 76th St,Chicago,41.75712007,-87.57583936,11,1/30/2015 17:30,349,350,5/2/2015 17:54,5/2/2015 20:35,12/4/2017 20:49,12/4/2017 20:49,5/3/2015
396,Yates Blvd & 75th St,Chicago,41.758768,-87.56644,11,1/30/2015 17:30,343,341,5/12/2015 16:40,5/13/2015 16:23,12/15/2017 16:31,12/13/2017 15:11,5/13/2015
397,Saginaw Ave & Exchange Ave,Chicago,41.75874584,-87.56011478,11,1/30/2015 17:31,547,543,5/3/2015 12:48,5/3/2015 16:29,12/25/2017 19:54,12/25/2017 19:50,5/4/2015
398,Rainbow Beach,Chicago,41.75787145,-87.54938625,15,1/30/2015 17:31,365,390,4/26/2015 20:07,4/26/2015 20:21,12/2/2017 11:56,12/2/2017 12:36,4/27/2015
399,South Shore Dr & 74th St,Chicago,41.76218896,-87.55927465,11,1/30/2015 17:31,1167,1167,4/29/2015 13:55,4/29/2015 14:04,12/25/2017 19:45,12/25/2017 20:02,4/30/2015
400,Cottage Grove Ave & 71st St,Chicago,41.76571904,-87.60495971,11,1/30/2015 17:32,424,428,4/23/2015 7:10,5/6/2015 16:47,12/22/2017 13:41,12/22/2017 15:27,4/24/2015
401,Shields Ave & 28th Pl,Chicago,41.842733,-87.635491,11,1/30/2015 17:37,3299,3341,5/10/2015 17:52,5/10/2015 12:49,12/31/2017 9:29,12/30/2017 23:39,5/11/2015
402,Shields Ave & 31st St,Chicago,41.838464,-87.635406,15,1/30/2015 17:37,5917,5602,4/18/2015 4:38,4/14/2015 17:45,12/31/2017 11:39,12/25/2017 10:45,4/15/2015
403,Wentworth Ave & 33rd St,Chicago,41.83452989,-87.63182298,15,1/30/2015 17:37,5374,5497,4/15/2015 18:20,4/14/2015 17:58,12/28/2017 22:37,12/28/2017 11:20,4/15/2015
405,Wentworth Ave & 35th St,Chicago,41.830777,-87.632504,15,1/30/2015 17:38,2527,2295,7/11/2016 15:46,7/11/2016 15:46,12/30/2017 2:48,12/31/2017 16:18,7/12/2016
406,Lake Park Ave & 35th St,Chicago,41.83127424,-87.60879919,19,1/30/2015 17:38,3755,3627,4/17/2015 11:15,4/18/2015 11:55,12/21/2017 8:08,12/20/2017 14:04,4/18/2015
407,State St & Pershing Rd,Chicago,41.82301524,-87.62656802,11,1/30/2015 17:38,299,332,4/16/2015 12:04,4/16/2015 12:34,12/1/2017 8:54,12/1/2017 8:54,4/17/2015
408,Union Ave & Root St,Chicago,41.819102,-87.643278,11,1/30/2015 17:39,424,500,4/16/2015 0:45,4/16/2015 1:16,12/30/2017 14:03,12/30/2017 13:44,4/17/2015
409,Shields Ave & 43rd St,Chicago,41.81620768,-87.63481935,11,1/30/2015 17:39,190,187,4/17/2015 18:28,4/17/2015 18:27,11/22/2017 9:56,11/22/2017 9:53,4/18/2015
410,Prairie Ave & 43rd St,Chicago,41.81665889,-87.61941246,15,1/30/2015 17:39,1194,1166,4/17/2015 0:07,4/16/2015 11:06,12/22/2017 16:09,12/22/2017 8:23,4/17/2015
411,Halsted St & 47th Pl,Chicago,41.80813391,-87.64561655,11,1/30/2015 17:40,910,987,4/17/2015 7:58,4/17/2015 17:11,12/21/2017 9:31,12/20/2017 22:38,4/18/2015
412,Princeton Ave & 47th St,Chicago,41.80931771,-87.63344929,11,1/30/2015 17:40,693,447,4/17/2015 15:04,4/16/2015 22:36,12/31/2017 2:35,12/3/2017 13:12,4/17/2015
413,Woodlawn Ave & Lake Park Ave,Chicago,41.81409271,-87.59700515,15,1/30/2015 17:40,2578,2689,4/17/2015 8:18,4/18/2015 15:20,12/31/2017 15:44,12/31/2017 12:33,4/18/2015
414,Canal St & Taylor St,Chicago,41.870257,-87.639474,15,1/30/2015 17:40,13906,13319,5/18/2015 15:28,5/18/2015 14:25,12/31/2017 9:25,12/31/2017 15:00,5/19/2015
415,Calumet Ave & 51st St,Chicago,41.80229465,-87.61805358,15,1/30/2015 17:41,1374,1338,4/21/2015 10:02,4/22/2015 11:46,12/17/2017 15:49,12/11/2017 12:02,4/22/2015
416,Dorchester Ave & 49th St,Chicago,41.805772,-87.592464,15,1/30/2015 17:42,2301,2023,4/16/2015 16:54,4/16/2015 17:16,12/20/2017 15:13,12/27/2017 16:59,4/17/2015
417,Cornell Ave & Hyde Park Blvd,Chicago,41.802406,-87.586924,19,1/30/2015 17:42,14475,13904,4/17/2015 9:53,4/17/2015 10:55,12/29/2017 12:38,12/29/2017 16:02,4/18/2015
418,Ellis Ave & 53rd St,Chicago,41.79933626,-87.60095811,11,1/30/2015 17:42,8919,8617,4/18/2015 9:48,4/18/2015 9:44,12/31/2017 17:10,12/31/2017 17:35,4/19/2015
419,Lake Park Ave & 53rd St,Chicago,41.79949429,-87.5864499,15,1/30/2015 17:42,10931,11346,4/17/2015 14:12,4/17/2015 9:28,12/27/2017 20:50,12/27/2017 19:10,4/18/2015
420,Ellis Ave & 55th St,Chicago,41.79430062,-87.60144977,19,1/30/2015 17:43,14571,14231,4/14/2015 11:53,4/14/2015 11:54,12/30/2017 13:09,12/31/2017 11:37,4/15/2015
421,MLK Jr Dr & 56th St (*),Chicago,41.79342946,-87.61585326,12,1/30/2015 17:43,553,534,5/9/2015 15:47,4/30/2015 10:13,12/4/2017 12:54,11/30/2017 18:46,5/1/2015
422,DuSable Museum,Chicago,41.79156801,-87.60785218,15,1/30/2015 17:43,2196,2003,7/7/2015 15:29,7/7/2015 13:56,12/21/2017 16:31,12/22/2017 9:03,7/8/2015
423,University Ave & 57th St,Chicago,41.791478,-87.599861,27,1/30/2015 17:44,23438,24189,4/17/2015 17:38,4/17/2015 16:13,12/31/2017 13:57,12/28/2017 14:01,4/18/2015
424,Museum of Science and Industry,Chicago,41.79172821,-87.58394501,27,1/30/2015 17:44,11526,11322,4/18/2015 10:17,4/17/2015 11:38,12/22/2017 12:44,12/29/2017 12:11,4/18/2015
425,Harper Ave & 59th St,Chicago,41.78794281,-87.58831517,15,1/30/2015 17:44,5427,4617,4/17/2015 15:32,4/17/2015 16:29,12/28/2017 7:12,12/29/2017 11:40,4/18/2015
426,Ellis Ave & 60th St,Chicago,41.78509715,-87.60107276,19,1/30/2015 17:45,12403,12664,4/17/2015 15:20,4/17/2015 15:18,12/31/2017 10:48,12/31/2017 11:40,4/18/2015
427,Cottage Grove Ave & 63rd St,Chicago,41.78059901,-87.60611239,19,1/30/2015 17:45,1719,1739,4/25/2015 8:11,4/24/2015 9:33,12/20/2017 12:24,12/23/2017 13:08,4/25/2015
428,Dorchester Ave & 63rd St,Chicago,41.78040565,-87.59141599,15,1/30/2015 17:45,1589,1553,4/27/2015 8:29,4/26/2015 2:14,12/21/2017 10:07,12/21/2017 17:11,4/27/2015
429,Cottage Grove Ave & 67th St,Chicago,41.77372095,-87.60563486,11,1/30/2015 17:46,615,588,5/3/2015 12:01,5/3/2015 14:04,12/12/2017 18:18,12/12/2017 15:25,5/4/2015
430,MLK Jr Dr & 63rd St,Chicago,41.78008064,-87.61594286,15,1/30/2015 17:46,361,375,4/26/2015 17:22,4/23/2015 12:40,12/27/2017 6:07,12/23/2017 18:53,4/24/2015
431,Eberhart Ave & 61st St,Chicago,41.78414169,-87.61330783,11,1/30/2015 17:46,366,408,4/27/2015 18:17,4/27/2015 8:38,12/23/2017 13:03,12/21/2017 18:43,4/28/2015
432,Clark St & Lunt Ave,Chicago,42.009074,-87.67419,19,2/2/2015 11:32,6349,6692,5/15/2015 15:05,5/15/2015 15:35,12/28/2017 11:56,12/30/2017 15:05,5/16/2015
433,Kedzie Ave & Harrison St,Chicago,41.87359967,-87.70487075,11,2/10/2015 11:47,613,593,4/27/2015 15:34,5/3/2015 14:04,12/23/2017 8:59,12/21/2017 8:42,4/28/2015
434,Ogden Ave & Roosevelt Rd,Chicago,41.86650148,-87.68469707,19,2/10/2015 11:47,5422,5425,4/27/2015 10:59,4/29/2015 18:06,12/29/2017 17:09,12/29/2017 18:37,4/28/2015
435,Kedzie Ave & Roosevelt Rd,Chicago,41.86649278,-87.70649618,15,2/10/2015 11:48,1357,1343,4/27/2015 16:26,4/27/2015 16:16,12/19/2017 13:51,12/19/2017 16:02,4/28/2015
436,Fairfield Ave & Roosevelt Rd,Chicago,41.866624,-87.694521,15,2/10/2015 11:48,1565,1595,4/29/2015 13:08,4/29/2015 13:08,12/20/2017 16:46,12/13/2017 8:36,4/30/2015
437,Washtenaw Ave & Ogden Ave (*),Chicago,41.861894,-87.693511,20,2/10/2015 11:48,1749,1958,5/28/2015 18:57,5/28/2015 20:56,12/20/2017 18:17,12/28/2017 8:21,5/29/2015
438,Central Park Ave & Ogden Ave,Chicago,41.85420431,-87.71540584,15,2/10/2015 11:49,760,602,4/29/2015 17:44,5/2/2015 1:13,12/21/2017 16:32,12/20/2017 14:58,4/30/2015
439,Kedzie Ave & 21st St,Chicago,41.85353363,-87.70507303,11,2/10/2015 11:49,954,716,4/27/2015 16:30,4/27/2015 16:28,12/25/2017 22:02,12/18/2017 11:32,4/28/2015
440,Lawndale Ave & 23rd St,Chicago,41.84988195,-87.71700039,11,2/10/2015 11:49,149,156,5/11/2015 18:54,5/11/2015 20:42,12/15/2017 21:59,12/15/2017 19:16,5/12/2015
441,Kedzie Ave & 24th St,Chicago,41.84819094,-87.70541375,11,2/10/2015 11:50,393,467,4/27/2015 16:42,4/27/2015 16:41,12/17/2017 13:26,12/17/2017 13:24,4/28/2015
442,California Ave & 23rd Pl,Chicago,41.84910969,-87.69513981,15,2/10/2015 11:50,1766,1597,4/28/2015 22:45,4/29/2015 1:47,12/28/2017 7:57,12/22/2017 23:52,4/29/2015
443,Millard Ave & 26th St,Chicago,41.84456685,-87.71591031,11,2/10/2015 11:50,508,781,5/1/2015 9:49,4/29/2015 17:49,12/31/2017 9:01,12/31/2017 9:24,4/30/2015
444,Albany Ave & 26th St,Chicago,41.84447501,-87.70201301,11,2/10/2015 11:50,488,535,4/27/2015 16:52,4/27/2015 16:47,12/23/2017 11:58,12/23/2017 11:36,4/28/2015
445,California Ave & 26th St,Chicago,41.84404003,-87.69529592,11,2/10/2015 11:51,587,505,4/29/2015 13:02,4/27/2015 18:05,12/6/2017 19:58,12/7/2017 9:40,4/28/2015
446,Western Ave & 28th St,Chicago,41.84151771,-87.68513144,11,2/10/2015 11:51,496,550,5/21/2015 15:28,5/22/2015 13:38,12/23/2017 14:54,12/23/2017 12:16,5/22/2015
447,Glenwood Ave & Morse Ave,Chicago,42.00797192,-87.66550239,15,2/10/2015 12:00,9114,9741,5/16/2015 10:26,5/15/2015 22:57,12/31/2017 18:56,12/31/2017 22:20,5/16/2015
448,Warren Park East,Chicago,42.00454962,-87.68066615,15,2/10/2015 14:02,1468,1439,5/13/2015 14:24,5/14/2015 12:43,12/30/2017 11:39,12/30/2017 13:36,5/14/2015
449,Clark St & Columbia Ave,Chicago,42.00445063,-87.6724024,15,2/10/2015 14:02,4665,4335,5/12/2015 15:14,5/12/2015 15:18,12/31/2017 20:53,12/29/2017 0:42,5/13/2015
450,Warren Park West,Chicago,42.001785,-87.688829,15,2/10/2015 14:03,1485,1681,5/13/2015 16:40,5/15/2015 15:27,12/30/2017 13:28,12/31/2017 10:50,5/14/2015
451,Sheridan Rd & Loyola Ave,Chicago,42.00104378,-87.66119824,15,2/10/2015 14:03,9960,9916,5/15/2015 15:14,5/15/2015 15:10,12/30/2017 14:21,12/30/2017 15:02,5/16/2015
452,Western Ave & Granville Ave,Chicago,41.99416137,-87.68943828,15,2/10/2015 14:03,2084,2230,5/13/2015 6:53,5/13/2015 6:50,12/25/2017 14:03,12/21/2017 17:50,5/14/2015
453,Clark St & Schreiber Ave,Chicago,41.99925182,-87.67137734,15,2/10/2015 14:03,4135,4421,5/12/2015 22:47,5/12/2015 17:03,12/29/2017 14:05,12/21/2017 18:19,5/13/2015
454,Broadway & Granville Ave,Chicago,41.99477969,-87.66028453,15,2/10/2015 14:04,11760,12788,5/11/2015 15:34,5/11/2015 18:03,12/31/2017 14:04,12/31/2017 13:43,5/12/2015
455,Maplewood Ave & Peterson Ave,Chicago,41.99023603,-87.69336964,15,2/10/2015 14:04,1407,1616,5/13/2015 13:35,5/13/2015 14:02,12/30/2017 23:10,12/23/2017 16:36,5/14/2015
456,2112 W Peterson Ave,Chicago,41.991178,-87.683593,15,2/10/2015 14:04,1389,1393,5/13/2015 11:18,5/14/2015 12:04,12/24/2017 6:51,12/23/2017 22:06,5/14/2015
457,Clark St & Elmdale Ave,Chicago,41.99089375,-87.6695834,19,2/10/2015 14:04,6550,6248,5/11/2015 21:02,5/11/2015 18:37,12/31/2017 12:00,12/30/2017 17:41,5/12/2015
458,Broadway & Thorndale Ave,Chicago,41.98974251,-87.66014062,19,2/10/2015 14:05,11098,12377,5/12/2015 13:44,5/11/2015 18:17,12/31/2017 15:44,12/31/2017 15:05,5/12/2015
459,Lakefront Trail & Bryn Mawr Ave,Chicago,41.9840367,-87.65231047,19,2/10/2015 14:05,31093,31835,5/11/2015 17:06,5/11/2015 17:04,12/31/2017 14:32,12/31/2017 14:31,5/12/2015
460,Clark St & Bryn Mawr Ave,Chicago,41.983593,-87.669154,15,2/10/2015 14:05,10822,11500,5/11/2015 17:28,5/11/2015 19:13,12/31/2017 13:55,12/31/2017 21:03,5/12/2015
461,Broadway & Ridge Ave,Chicago,41.98404461,-87.66027383,15,2/10/2015 14:05,10452,10626,5/11/2015 16:41,5/11/2015 17:34,12/31/2017 13:39,12/29/2017 16:08,5/12/2015
462,Ravenswood Ave & Balmoral Ave,Chicago,41.97977022,-87.67581473,15,2/10/2015 14:06,5802,6106,5/14/2015 12:50,5/14/2015 13:01,12/31/2017 5:21,12/29/2017 19:15,5/15/2015
463,Clark St & Berwyn Ave,Chicago,41.97799665,-87.6680471,19,2/10/2015 14:06,18241,19282,5/14/2015 12:26,5/14/2015 12:57,12/31/2017 16:06,12/31/2017 21:11,5/15/2015
464,Damen Ave & Foster Ave,Chicago,41.9756148,-87.67945904,15,2/10/2015 14:06,10092,10144,5/14/2015 7:15,5/14/2015 12:26,12/31/2017 18:32,12/31/2017 16:38,5/15/2015
465,Marine Dr & Ainslie St,Chicago,41.9716,-87.650154,23,2/10/2015 14:06,12293,12712,7/17/2015 13:21,7/17/2015 15:58,12/30/2017 16:40,12/31/2017 0:26,7/18/2015
466,Ridge Blvd & Touhy Ave,Chicago,42.01213228,-87.68291264,15,2/10/2015 14:11,1440,1527,5/16/2015 10:51,5/16/2015 12:31,12/31/2017 10:39,12/23/2017 13:58,5/17/2015
467,Western Ave & Lunt Ave,Chicago,42.0085944,-87.69049224,15,2/10/2015 14:11,2127,2310,5/15/2015 18:21,5/15/2015 18:48,12/31/2017 20:08,12/27/2017 19:49,5/16/2015
468,Budlong Woods Library,Chicago,41.98366471,-87.69642256,15,2/10/2015 14:12,1950,1952,5/6/2015 23:11,5/6/2015 23:09,12/28/2017 13:25,12/28/2017 14:17,5/7/2015
469,St. Louis Ave & Balmoral Ave,Chicago,41.98039423,-87.71611496,15,2/10/2015 14:36,2815,2550,5/17/2015 17:55,5/17/2015 11:25,12/26/2017 10:02,12/20/2017 15:56,5/18/2015
470,Kedzie Ave & Foster Ave,Chicago,41.975672,-87.709261,15,2/10/2015 14:36,2509,2444,5/6/2015 14:17,5/6/2015 14:32,12/30/2017 13:00,12/25/2017 13:28,5/7/2015
471,Francisco Ave & Foster Ave,Chicago,41.97563273,-87.70141944,15,2/10/2015 14:36,4945,4975,5/14/2015 17:25,5/14/2015 17:24,12/31/2017 13:08,12/25/2017 14:50,5/15/2015
472,Lincoln Ave & Winona St,Chicago,41.9749113,-87.69250256,15,2/10/2015 14:36,4672,4358,5/6/2015 16:28,5/6/2015 17:33,12/31/2017 15:01,12/31/2017 15:24,5/7/2015
474,Christiana Ave & Lawrence Ave,Chicago,41.96835449,-87.71183067,15,2/10/2015 14:37,3940,4170,5/16/2015 20:05,5/16/2015 22:06,12/23/2017 19:26,12/23/2017 11:30,5/17/2015
475,Washtenaw Ave & Lawrence Ave,Chicago,41.968987,-87.696027,15,2/10/2015 14:38,4239,4318,5/6/2015 0:24,5/6/2015 16:56,12/31/2017 22:48,12/31/2017 18:04,5/7/2015
476,Kedzie Ave & Leland Ave,Chicago,41.96668636,-87.70805198,15,2/10/2015 14:38,3012,3179,5/6/2015 8:10,5/6/2015 8:23,12/31/2017 4:51,12/22/2017 16:44,5/7/2015
477,Manor Ave & Leland Ave,Chicago,41.96631753,-87.70108268,11,2/10/2015 14:38,3049,3543,5/6/2015 18:59,5/6/2015 0:28,12/21/2017 16:47,12/30/2017 13:31,5/7/2015
478,Rockwell St & Eastwood Ave,Chicago,41.96590014,-87.69363849,15,2/10/2015 14:38,7075,7797,5/5/2015 15:21,5/5/2015 15:21,12/29/2017 18:54,12/29/2017 10:43,5/6/2015
479,Drake Ave & Montrose Ave,Chicago,41.96115408,-87.71656907,15,2/10/2015 14:38,3527,3355,5/5/2015 15:09,5/5/2015 15:37,12/23/2017 20:19,12/22/2017 22:30,5/6/2015
480,Albany Ave & Montrose Ave,Chicago,41.961041,-87.705866,15,2/10/2015 14:39,2992,3379,5/7/2015 11:14,5/6/2015 15:46,12/31/2017 11:11,12/19/2017 7:31,5/7/2015
481,California Ave & Montrose Ave,Chicago,41.961068,-87.695439,15,2/10/2015 14:39,3456,3706,7/7/2015 18:17,7/7/2015 17:19,12/28/2017 14:07,12/24/2017 14:35,7/8/2015
482,Campbell Ave & Montrose Ave,Chicago,41.96152593,-87.69116504,15,2/10/2015 14:39,6377,6438,5/14/2015 16:58,5/14/2015 17:20,12/30/2017 23:21,12/31/2017 8:43,5/15/2015
483,Avondale Ave & Irving Park Rd,Chicago,41.953393,-87.732002,19,2/10/2015 14:39,3417,3149,5/8/2015 0:48,5/6/2015 19:32,12/22/2017 16:23,12/29/2017 11:41,5/7/2015
484,Monticello Ave & Irving Park Rd,Chicago,41.95400484,-87.71912818,15,2/10/2015 14:39,3373,3463,5/7/2015 18:56,5/7/2015 19:00,12/28/2017 18:46,12/28/2017 18:14,5/8/2015
485,Sawyer Ave & Irving Park Rd,Chicago,41.95358618,-87.7093108,15,2/10/2015 14:40,2967,3135,5/4/2015 23:39,5/4/2015 17:58,12/24/2017 19:16,12/28/2017 11:46,5/5/2015
486,Oakley Ave & Irving Park Rd,Chicago,41.95434085,-87.68607962,15,2/10/2015 14:40,5391,5864,5/13/2015 14:22,5/14/2015 18:26,12/26/2017 6:51,12/28/2017 14:13,5/14/2015
487,California Ave & Byron St,Chicago,41.95216219,-87.69805111,19,2/10/2015 14:40,3135,3633,7/7/2015 17:36,7/7/2015 16:36,12/27/2017 9:30,12/27/2017 11:39,7/8/2015
488,Pulaski Rd & Eddy St,Chicago,41.94563644,-87.72773681,11,2/10/2015 14:40,918,1099,5/13/2015 17:16,5/14/2015 17:52,12/29/2017 10:19,12/29/2017 19:27,5/14/2015
489,Drake Ave & Addison St,Chicago,41.947326,-87.717582,15,2/10/2015 14:41,3905,3291,5/13/2015 18:51,5/13/2015 14:13,12/31/2017 14:45,12/29/2017 19:18,5/14/2015
490,Troy St & Elston Ave,Chicago,41.94524357,-87.7066499,15,2/10/2015 14:41,5414,5622,5/6/2015 15:32,5/5/2015 16:42,12/28/2017 15:47,12/28/2017 23:38,5/6/2015
491,Talman Ave & Addison St,Chicago,41.94663583,-87.69461476,15,2/10/2015 14:41,5405,5714,5/4/2015 19:12,5/4/2015 18:17,12/29/2017 14:29,12/30/2017 9:39,5/5/2015
492,Leavitt St & Addison St,Chicago,41.946655,-87.683359,15,2/10/2015 14:41,5045,5366,5/13/2015 17:15,5/13/2015 17:17,12/23/2017 23:52,12/24/2017 12:02,5/14/2015
493,Oakley Ave & Roscoe St,Chicago,41.942916,-87.685801,15,2/10/2015 14:42,8418,8997,5/4/2015 20:28,5/4/2015 15:56,12/29/2017 22:19,12/30/2017 0:25,5/5/2015
494,Kedzie Ave & Bryn Mawr Ave,Chicago,41.98239708,-87.70892252,15,2/10/2015 14:42,1875,1881,5/21/2015 6:29,5/18/2015 19:11,12/31/2017 11:36,12/29/2017 22:43,5/19/2015
495,Keystone Ave & Montrose Ave,Chicago,41.96110802,-87.7289701,15,2/10/2015 14:42,1770,1908,5/16/2015 18:34,5/17/2015 14:22,12/22/2017 3:34,12/21/2017 21:48,5/17/2015
496,Avers Ave & Belmont Ave,Chicago,41.939408,-87.723574,11,2/10/2015 14:47,2818,3133,5/14/2015 9:23,5/13/2015 20:36,12/22/2017 16:12,12/23/2017 10:48,5/14/2015
497,Kimball Ave & Belmont Ave,Chicago,41.939398,-87.711561,23,2/10/2015 14:47,5435,5072,5/2/2015 14:19,5/2/2015 13:39,12/30/2017 10:06,12/29/2017 16:05,5/3/2015
498,California Ave & Fletcher St,Chicago,41.93842879,-87.69800776,19,2/10/2015 14:47,4570,4814,5/4/2015 18:13,5/4/2015 18:10,12/29/2017 21:46,12/31/2017 0:25,5/5/2015
499,Kosciuszko Park,Chicago,41.93058537,-87.72377736,15,2/10/2015 14:48,4259,4443,5/1/2015 11:54,5/1/2015 17:04,12/27/2017 15:04,12/29/2017 20:23,5/2/2015
500,Central Park Ave & Elbridge Ave,Chicago,41.93533728,-87.71688929,15,2/10/2015 14:48,2567,2734,5/5/2015 8:53,5/4/2015 19:27,12/31/2017 13:51,12/29/2017 13:25,5/5/2015
501,Richmond St & Diversey Ave,Chicago,41.93190197,-87.70119513,15,2/10/2015 14:48,6476,7216,5/5/2015 16:34,5/5/2015 16:09,12/31/2017 15:47,12/31/2017 16:30,5/6/2015
502,California Ave & Altgeld St,Chicago,41.92669,-87.697668,15,2/10/2015 14:48,6576,6634,5/14/2015 8:07,5/13/2015 21:52,12/31/2017 11:41,12/31/2017 17:45,5/14/2015
503,Drake Ave & Fullerton Ave,Chicago,41.92439882,-87.71544104,15,2/10/2015 14:49,6237,6858,5/2/2015 13:08,5/1/2015 12:03,12/31/2017 12:26,12/31/2017 14:23,5/2/2015
504,Campbell Ave & Fullerton Ave,Chicago,41.92463247,-87.68930701,15,2/10/2015 14:49,8314,8648,5/21/2015 20:44,5/21/2015 18:39,12/31/2017 13:45,12/30/2017 10:46,5/22/2015
505,Winchester Ave & Elston Ave,Chicago,41.92409085,-87.67646007,15,2/10/2015 14:49,5700,6049,5/7/2015 18:43,5/7/2015 20:48,12/31/2017 14:05,12/29/2017 17:50,5/8/2015
506,Spaulding Ave & Armitage Ave,Chicago,41.91718375,-87.71035665,15,2/10/2015 14:50,8697,9066,5/1/2015 8:01,4/30/2015 23:57,12/31/2017 14:22,12/31/2017 2:57,5/1/2015
507,Humboldt Blvd & Armitage Ave,Chicago,41.91751339,-87.70180896,19,2/10/2015 14:50,12968,12535,5/2/2015 0:25,5/1/2015 17:57,12/30/2017 14:45,12/28/2017 17:21,5/2/2015
508,Central Park Ave & North Ave,Chicago,41.90965688,-87.71663195,15,2/10/2015 14:50,2917,3139,5/1/2015 19:52,5/1/2015 19:17,12/22/2017 19:41,12/19/2017 18:38,5/2/2015
509,Troy St & North Ave,Chicago,41.9097693,-87.70528049,15,2/10/2015 14:50,5943,5753,5/1/2015 19:50,5/2/2015 11:28,12/31/2017 19:51,12/30/2017 1:14,5/2/2015
510,Spaulding Ave & Division St,Chicago,41.90270659,-87.70921957,15,2/10/2015 14:51,2794,2519,5/2/2015 10:00,5/2/2015 20:45,12/31/2017 21:57,12/31/2017 14:31,5/3/2015
511,Albany Ave & Bloomingdale Ave,Chicago,41.91402671,-87.70512646,15,2/10/2015 14:51,13385,13001,5/6/2015 15:36,5/6/2015 15:39,12/30/2017 23:38,12/31/2017 15:16,5/7/2015
514,Ridge Blvd & Howard St,Chicago,42.019276,-87.68452,15,5/12/2016 17:35,918,863,7/23/2016 12:36,7/23/2016 13:53,12/29/2017 12:48,12/30/2017 22:53,7/24/2016
515,Paulina St & Howard St,Chicago,42.019159,-87.673573,23,5/12/2016 17:36,2838,3081,7/8/2016 18:47,7/8/2016 22:39,12/30/2017 23:05,12/30/2017 19:50,7/9/2016
517,Clark St & Jarvis Ave,Chicago,42.015963,-87.675005,15,5/12/2016 17:38,1292,1294,7/8/2016 19:23,7/8/2016 19:22,12/22/2017 22:42,12/23/2017 17:00,7/9/2016
518,Conservatory Dr & Lake St,Chicago,41.885502,-87.716866,15,5/24/2016 15:32,926,1068,6/2/2016 14:12,6/2/2016 14:13,12/19/2017 18:27,12/30/2017 14:42,6/3/2016
519,Wolcott Ave & Fargo Ave,Chicago,42.016977,-87.677725,11,5/24/2016 15:40,471,481,7/8/2016 7:56,7/8/2016 21:47,12/21/2017 12:24,12/22/2017 14:54,7/9/2016
520,Greenview Ave & Jarvis Ave,Chicago,42.015962,-87.66857,23,5/24/2016 15:41,3612,3663,7/7/2016 14:19,7/8/2016 2:04,12/31/2017 13:25,12/31/2017 14:40,7/8/2016
522,Bosworth Ave & Howard St,Chicago,42.019537,-87.669563,15,5/24/2016 15:43,1156,1147,7/8/2016 8:11,7/8/2016 18:17,12/27/2017 15:48,12/27/2017 18:04,7/9/2016
523,Eastlake Ter & Rogers Ave,Chicago,42.021019,-87.665086,15,5/24/2016 15:44,3606,3300,7/8/2016 8:04,7/7/2016 17:20,12/31/2017 22:09,12/30/2017 23:10,7/8/2016
524,Austin Blvd & Chicago Ave,Chicago,41.894887,-87.774704,11,5/24/2016 15:45,279,276,7/21/2016 18:50,7/26/2016 17:19,12/18/2017 13:14,12/22/2017 22:03,7/22/2016
525,Glenwood Ave & Touhy Ave,Chicago,42.012701,-87.666058,15,5/24/2016 15:47,1102,1024,7/8/2016 18:23,7/8/2016 18:37,12/25/2017 16:52,12/25/2017 16:51,7/9/2016
526,Oakley Ave & Touhy Ave,Chicago,42.012342,-87.688243,15,5/24/2016 15:48,592,693,7/14/2016 9:27,7/8/2016 17:39,12/30/2017 17:23,12/28/2017 10:53,7/9/2016
527,Western Ave & Howard St,Chicago,42.018901,-87.690048,19,5/24/2016 15:49,656,664,7/9/2016 10:04,7/9/2016 10:04,12/23/2017 16:52,12/28/2017 12:08,7/10/2016
528,Pulaski Rd & Lake St,Chicago,41.885409,-87.726491,15,5/24/2016 15:50,283,319,6/16/2016 15:31,6/16/2016 15:30,12/8/2017 10:44,12/12/2017 17:07,6/17/2016
529,Cicero Ave & Lake St,Chicago,41.886841,-87.745261,15,5/27/2016 8:35,132,107,6/17/2016 17:53,6/17/2016 17:42,12/3/2017 12:26,12/3/2017 12:26,6/18/2016
530,Laramie Ave & Kinzie St,Chicago,41.887832,-87.755527,15,5/27/2016 8:37,139,143,6/14/2016 21:19,6/15/2016 18:43,12/18/2017 16:18,12/18/2017 16:29,6/15/2016
531,Central Ave & Lake St,Chicago,41.887664,-87.765469,15,5/27/2016 8:38,131,120,7/27/2016 14:54,7/27/2016 14:36,12/19/2017 21:57,12/22/2017 3:32,7/28/2016
532,Austin Blvd & Lake St,Chicago,41.887919,-87.774446,15,5/27/2016 8:38,524,462,6/14/2016 15:18,6/14/2016 13:57,12/30/2017 22:40,12/30/2017 23:02,6/15/2016
533,Central Park Blvd & 5th Ave,Chicago,41.875679,-87.71547,15,5/27/2016 8:40,192,179,6/15/2016 18:26,6/15/2016 18:26,12/4/2017 8:33,10/31/2017 12:14,6/16/2016
534,Pulaski Rd & Madison St,Chicago,41.880827,-87.726279,15,5/27/2016 8:41,222,249,6/14/2016 2:15,6/14/2016 17:15,12/15/2017 15:11,12/15/2017 15:11,6/15/2016
535,Pulaski Rd & Congress Pkwy,Chicago,41.874325,-87.725704,15,5/27/2016 8:41,195,228,6/18/2016 19:20,6/18/2016 1:11,12/17/2017 10:07,12/16/2017 17:58,6/19/2016
536,Kostner Ave & Lake St,Chicago,41.885928,-87.73541,15,5/27/2016 8:42,150,135,6/15/2016 18:35,6/15/2016 18:35,12/4/2017 10:15,11/27/2017 10:09,6/16/2016
537,Kenton Ave & Madison St,Chicago,41.880708,-87.741018,15,5/27/2016 8:43,86,67,6/14/2016 5:44,6/14/2016 19:00,10/17/2017 19:24,10/17/2017 18:15,6/15/2016
538,Cicero Ave & Flournoy St,Chicago,41.872131,-87.746619,15,5/27/2016 8:43,36,27,6/16/2016 19:32,6/25/2016 11:05,11/22/2017 13:28,9/25/2017 7:38,6/17/2016
539,Cicero Ave & Quincy St,Chicago,41.877613,-87.745405,15,5/27/2016 8:44,97,86,6/17/2016 16:05,6/17/2016 18:07,12/6/2017 12:37,12/8/2017 13:46,6/18/2016
540,Laramie Ave & Madison St,Chicago,41.880207,-87.755337,15,5/27/2016 8:46,119,108,6/15/2016 11:18,6/15/2016 11:11,12/1/2017 11:37,12/1/2017 11:37,6/16/2016
541,Central Ave & Harrison St,Chicago,41.872993,-87.764499,15,5/27/2016 8:49,122,135,6/16/2016 8:59,6/16/2016 8:59,12/8/2017 13:38,12/6/2017 12:47,6/17/2016
542,Central Ave & Madison St,Chicago,41.880121,-87.763238,15,5/27/2016 9:03,151,154,6/21/2016 16:53,6/17/2016 18:03,12/1/2017 11:33,12/1/2017 11:22,6/18/2016
543,Laramie Ave & Gladys Ave,Chicago,41.875806,-87.755285,15,5/27/2016 9:04,159,174,6/17/2016 16:11,6/16/2016 19:39,11/26/2017 11:16,11/26/2017 12:44,6/17/2016
544,Austin Blvd & Madison St,Chicago,41.880281,-87.774453,15,5/27/2016 9:05,203,169,6/17/2016 12:01,6/26/2016 20:14,12/24/2017 16:10,12/25/2017 1:11,6/18/2016
545,Kostner Ave & Adams St,Chicago,41.877917,-87.735737,15,5/27/2016 9:05,170,167,6/16/2016 8:35,6/16/2016 16:20,12/16/2017 17:52,12/17/2017 10:12,6/17/2016
546,Damen Ave & Pershing Rd,Chicago,41.823192,-87.676597,11,5/27/2016 9:13,249,258,6/17/2016 16:03,6/17/2016 14:32,12/19/2017 17:41,12/19/2017 16:38,6/18/2016
547,Ashland Ave & Pershing Rd,Chicago,41.823465,-87.665577,11,5/27/2016 9:24,301,363,6/18/2016 8:00,6/18/2016 17:03,12/22/2017 15:58,12/22/2017 15:58,6/19/2016
548,Morgan St & Pershing Rd,Chicago,41.823613,-87.650931,11,5/27/2016 9:25,62,48,6/21/2016 9:10,6/25/2016 9:18,9/28/2017 18:00,10/20/2017 18:32,6/22/2016
549,Marshfield Ave & 44th St,Chicago,41.813996,-87.666589,11,5/27/2016 9:25,52,62,8/11/2016 16:08,7/1/2016 16:13,12/3/2017 12:15,10/26/2017 13:33,7/2/2016
550,Central Ave & Chicago Ave,Chicago,41.894958,-87.764902,11,5/27/2016 9:25,84,99,7/24/2016 23:33,7/24/2016 18:00,11/8/2017 13:14,11/10/2017 18:45,7/25/2016
551,Hoyne Ave & 47th St,Chicago,41.808227,-87.67718,11,5/27/2016 9:29,172,234,6/19/2016 16:46,6/19/2016 15:32,12/22/2017 11:00,12/22/2017 10:47,6/20/2016
552,Ashland Ave & McDowell Ave,Chicago,41.80887,-87.66454,11,5/27/2016 9:30,439,274,6/19/2016 16:56,6/19/2016 16:54,12/22/2017 15:51,12/20/2017 17:16,6/20/2016
553,Elizabeth St & 47th St,Chicago,41.80839,-87.656526,11,5/27/2016 10:03,124,97,6/27/2016 9:52,7/9/2016 20:42,11/19/2017 16:13,12/21/2017 17:28,6/28/2016
554,Damen Ave & 51st St,Chicago,41.800908,-87.674684,11,5/27/2016 10:15,122,221,6/21/2016 12:33,6/21/2016 14:47,9/14/2017 14:56,12/18/2017 18:23,6/22/2016
555,Ashland Ave & 50th St,Chicago,41.803023,-87.664699,11,5/27/2016 10:16,88,79,6/21/2016 12:08,6/21/2016 12:42,11/3/2017 15:16,11/19/2017 14:24,6/22/2016
556,Throop St & 52nd St,Chicago,41.799659,-87.657195,11,5/27/2016 10:48,37,28,6/25/2016 14:47,6/25/2016 16:26,11/2/2017 14:55,12/11/2017 16:13,6/26/2016
557,Seeley Ave & Garfield Blvd,Chicago,41.794087,-87.675478,11,5/27/2016 10:48,15,15,8/3/2016 10:06,8/2/2016 16:33,10/13/2017 8:41,10/12/2017 10:10,8/3/2016
558,Ashland Ave & Garfield Blvd,Chicago,41.792822,-87.664429,11,5/27/2016 10:49,23,20,6/26/2016 13:53,6/26/2016 15:01,11/22/2017 14:07,11/9/2017 9:39,6/27/2016
559,Racine Ave & Garfield Blvd,Chicago,41.794228,-87.655073,11,5/27/2016 10:49,49,50,6/21/2016 12:15,6/21/2016 15:15,12/11/2017 16:08,10/31/2017 13:28,6/22/2016
560,Marshfield Ave & 59th St,Chicago,41.786833,-87.666215,11,5/27/2016 10:50,54,50,6/28/2016 8:50,6/28/2016 8:20,12/27/2017 8:45,12/11/2017 8:28,6/29/2016
561,Damen Ave & 59th St,Chicago,41.78602,-87.674167,11,5/27/2016 10:50,50,50,6/28/2016 7:59,6/28/2016 9:09,9/25/2017 11:34,9/25/2017 12:02,6/29/2016
562,Racine Ave & 61st St,Chicago,41.783189,-87.654372,11,5/27/2016 10:51,11,10,8/5/2016 6:24,8/5/2016 6:21,11/23/2017 19:22,12/23/2017 19:13,8/6/2016
563,Ashland Ave & 63rd St,Chicago,41.779374,-87.664843,15,5/27/2016 10:51,92,79,6/25/2016 16:16,6/29/2016 13:03,12/3/2017 4:08,12/21/2017 12:10,6/26/2016
564,Racine Ave & 65th St,Chicago,41.775393,-87.654308,11,5/27/2016 10:52,60,63,7/1/2016 8:57,7/2/2016 0:07,12/19/2017 15:43,12/19/2017 16:20,7/2/2016
565,Ashland Ave & 66th St,Chicago,41.774074,-87.663815,11,5/27/2016 10:52,20,18,6/21/2016 20:44,6/22/2016 19:38,11/2/2017 23:57,9/7/2017 10:47,6/22/2016
566,Ashland Ave & 69th St,Chicago,41.768726,-87.664069,11,5/27/2016 10:53,46,52,6/29/2016 17:32,6/25/2016 19:42,12/18/2017 10:17,11/26/2017 22:19,6/26/2016
567,May St & 69th St,Chicago,41.768938,-87.652934,11,5/27/2016 10:53,25,31,8/18/2016 12:00,8/19/2016 5:13,12/21/2017 8:21,12/18/2017 10:22,8/19/2016
568,Normal Ave & 72nd St,Chicago,41.763462,-87.637297,11,5/27/2016 10:54,35,38,6/25/2016 18:57,6/25/2016 19:24,12/9/2017 15:56,11/10/2017 14:11,6/26/2016
569,Woodlawn Ave & 75th St,Chicago,41.75916,-87.595751,15,5/27/2016 10:54,30,27,7/15/2016 20:55,6/29/2016 20:58,11/16/2017 14:34,11/12/2017 13:29,6/30/2016
570,Evans Ave & 75th St,Chicago,41.758308,-87.606685,11,5/27/2016 10:55,360,384,7/24/2016 23:42,7/1/2016 14:34,12/31/2017 18:23,12/31/2017 21:07,7/2/2016
571,Vernon Ave & 75th St,Chicago,41.758361,-87.614138,11,5/27/2016 10:55,178,164,8/3/2016 18:52,8/3/2016 18:51,12/21/2017 16:12,12/20/2017 18:42,8/4/2016
572,State St & 76th St,Chicago,41.756971,-87.624621,11,5/27/2016 10:56,163,173,6/24/2016 17:53,6/24/2016 18:57,12/22/2017 20:43,12/22/2017 20:43,6/25/2016
573,State St & 79th St,Chicago,41.750794,-87.624424,15,5/27/2016 10:56,339,330,7/26/2016 15:06,7/25/2016 20:19,12/30/2017 16:43,12/30/2017 16:40,7/26/2016
574,Eberhart (Vernon) Ave & 79th St,Chicago,41.751345,-87.612568,11,5/27/2016 10:57,138,136,7/26/2016 9:15,7/30/2016 11:25,12/31/2017 18:57,12/31/2017 18:55,7/27/2016
575,Cottage Grove Ave & 78th St,Chicago,41.753174,-87.605026,11,5/27/2016 10:57,197,190,7/28/2016 12:57,7/28/2016 13:00,12/30/2017 3:19,12/30/2017 17:24,7/29/2016
576,Greenwood Ave & 79th St,Chicago,41.751294,-87.597552,15,5/27/2016 11:29,113,117,7/20/2016 19:45,7/25/2016 18:44,12/4/2017 20:37,12/4/2017 20:36,7/21/2016
577,Stony Island Ave & South Chicago Ave,Chicago,41.751173,-87.585337,11,5/27/2016 11:31,116,117,8/10/2016 21:10,8/7/2016 15:05,12/19/2017 13:40,12/19/2017 13:40,8/8/2016
578,Bennett Ave & 79th St,Chicago,41.751785,-87.578496,11,5/27/2016 11:31,98,93,8/21/2016 17:13,8/24/2016 19:44,11/27/2017 14:36,11/27/2017 14:35,8/22/2016
579,Phillips Ave & 79th St,Chicago,41.75182,-87.565211,11,5/27/2016 11:32,153,134,7/23/2016 18:19,7/23/2016 18:40,12/3/2017 16:51,12/4/2017 15:31,7/24/2016
580,Exchange Ave & 79th St,Chicago,41.751731,-87.552812,15,5/27/2016 11:32,260,257,7/29/2016 20:38,8/1/2016 11:45,11/29/2017 16:27,12/9/2017 23:43,7/30/2016
583,Stony Island Ave & 82nd St,Chicago,41.746559,-87.586005,11,5/27/2016 11:34,97,78,8/7/2016 10:19,8/3/2016 21:13,12/22/2017 14:54,12/22/2017 14:12,8/4/2016
584,Ellis Ave & 83rd St,Chicago,41.744123,-87.599034,15,5/27/2016 11:35,31,31,8/9/2016 18:44,8/9/2016 20:30,10/3/2017 14:25,11/9/2017 17:54,8/10/2016
585,Cottage Grove Ave & 83rd St,Chicago,41.744053,-87.604786,11,5/27/2016 11:36,256,259,7/31/2016 11:18,7/31/2016 17:34,12/23/2017 15:15,12/23/2017 15:14,8/1/2016
586,MLK Jr Dr & 83rd St,Chicago,41.743116,-87.6148,11,5/27/2016 11:36,54,83,7/31/2016 13:20,7/31/2016 13:17,11/2/2017 17:16,11/2/2017 17:10,8/1/2016
587,Wabash Ave & 83rd St,Chicago,41.743316,-87.622849,11,5/27/2016 11:37,70,72,8/31/2016 18:10,8/31/2016 12:19,12/22/2017 20:30,12/22/2017 20:27,9/1/2016
588,South Chicago Ave & 83rd St,Chicago,41.743921,-87.575225,11,5/27/2016 11:38,29,32,8/13/2016 16:49,7/29/2016 9:33,12/21/2017 10:50,12/19/2017 18:37,7/30/2016
589,Milwaukee Ave & Cuyler Ave,Chicago,41.954468,-87.749594,15,5/27/2016 11:39,527,585,7/12/2016 16:17,7/12/2016 20:57,12/23/2017 17:54,12/23/2017 16:33,7/13/2016
590,Kilbourn Ave & Irving Park Rd,Chicago,41.953733,-87.740569,15,5/27/2016 11:39,932,776,7/21/2016 16:27,7/20/2016 20:34,12/29/2017 11:35,12/22/2017 16:27,7/21/2016
591,Kilbourn Ave & Milwaukee Ave,Chicago,41.948818,-87.74002,23,5/27/2016 11:40,546,693,9/23/2016 17:58,9/24/2016 18:41,12/22/2017 18:20,12/22/2017 8:54,9/24/2016
592,Knox Ave & Montrose Ave,Chicago,41.960631,-87.745359,15,5/27/2016 11:40,725,585,7/12/2016 12:41,7/12/2016 12:52,12/23/2017 18:38,12/22/2017 16:08,7/13/2016
593,Halsted St & 59th St,Chicago,41.787539,-87.644874,11,5/27/2016 11:41,42,28,8/10/2016 13:35,7/13/2016 13:11,12/6/2017 3:04,12/6/2017 2:52,7/14/2016
594,Western Blvd & 48th Pl,Chicago,41.805661,-87.683392,15,5/27/2016 11:42,321,217,6/19/2016 8:45,6/18/2016 16:56,12/18/2017 18:16,12/2/2017 12:53,6/19/2016
595,Wabash Ave & 87th St,Chicago,41.736646,-87.622634,15,5/27/2016 11:42,58,81,8/9/2016 1:27,8/9/2016 9:50,11/20/2017 15:23,12/3/2017 23:14,8/10/2016
596,Benson Ave & Church St,Evanston,42.048214,-87.683485,15,6/14/2016 11:00,7853,7816,6/29/2016 17:18,6/29/2016 17:07,12/30/2017 16:57,12/27/2017 16:10,6/30/2016
597,Chicago Ave & Washington St,Evanston,42.032562,-87.679101,15,6/14/2016 11:01,4372,4400,6/29/2016 15:28,6/29/2016 14:55,12/30/2017 18:16,12/31/2017 12:45,6/30/2016
598,Elmwood Ave & Austin St,Evanston,42.025784,-87.684107,15,6/14/2016 11:02,755,931,7/1/2016 17:06,7/1/2016 14:50,12/27/2017 8:30,12/26/2017 16:40,7/2/2016
599,Valli Produce - Evanston Plaza,Evanston,42.039742,-87.699413,15,6/14/2016 11:03,592,635,7/1/2016 21:05,7/1/2016 19:42,12/22/2017 13:15,12/29/2017 13:24,7/2/2016
600,Dodge Ave & Church St,Evanston,42.048308,-87.698224,15,6/14/2016 11:03,1379,1322,6/29/2016 17:01,6/30/2016 8:09,12/23/2017 21:30,12/30/2017 17:04,6/30/2016
601,Central St Metra,Evanston,42.063598,-87.69873,15,6/14/2016 11:04,1719,1817,6/29/2016 18:55,6/29/2016 18:58,12/24/2017 5:50,12/26/2017 18:05,6/30/2016
602,Central St & Girard Ave,Evanston,42.064313,-87.686152,15,6/14/2016 11:04,1760,1685,7/8/2016 17:26,7/8/2016 16:35,12/26/2017 17:59,12/22/2017 17:12,7/9/2016
603,Chicago Ave & Sheridan Rd,Evanston,42.050491,-87.677821,15,6/14/2016 11:05,4327,3925,7/1/2016 15:56,7/1/2016 15:58,12/21/2017 17:39,12/21/2017 12:29,7/2/2016
604,Sheridan Rd & Noyes St (NU),Evanston,42.058239,-87.677432,15,6/14/2016 11:05,4645,4729,7/1/2016 14:39,7/1/2016 15:38,12/31/2017 13:33,12/31/2017 13:56,7/2/2016
605,University Library (NU),Evanston,42.052939,-87.673447,15,6/14/2016 11:06,4500,4593,7/1/2016 17:18,7/1/2016 17:20,12/23/2017 15:12,12/28/2017 8:07,7/2/2016
619,Keystone Ave & Fullerton Ave,Chicago,41.924361,-87.727752,15,7/7/2016 16:46,1261,1319,7/12/2016 17:13,7/12/2016 17:13,12/28/2017 9:06,12/22/2017 7:49,7/13/2016
620,Orleans St & Chestnut St (NEXT Apts),Chicago,41.898203,-87.637536,15,7/7/2016 16:46,5331,4905,9/9/2016 17:18,9/10/2016 12:22,12/31/2017 16:42,12/31/2017 16:35,9/10/2016
