,station_id,start_count,end_count,start_min,end_min,start_max,end_max
0,85,163988,175743,2013-06-27 12:06:00,2013-06-27 12:11:00,2017-12-31 12:05:00,2017-12-31 12:03:00
1,32,20657,19361,2013-06-27 14:44:00,2013-06-27 14:45:00,2017-12-31 11:57:00,2017-12-31 06:49:00
2,19,30047,30194,2013-06-27 15:06:00,2013-06-27 15:05:00,2017-12-31 16:33:00,2017-12-30 19:22:00
3,340,57191,57807,2013-06-27 19:23:00,2013-06-27 19:57:00,2017-12-31 23:48:00,2017-12-31 21:22:00
4,37,73178,71795,2013-06-27 18:45:00,2013-06-27 18:54:00,2017-12-29 16:23:00,2017-12-31 21:57:00
5,90,158329,174240,2013-06-27 19:34:00,2013-06-27 13:03:00,2017-12-31 20:22:00,2017-12-31 10:50:00
6,51,67862,66785,2013-06-27 19:46:00,2013-06-28 07:35:00,2017-12-31 13:50:00,2017-12-30 16:43:00
7,44,71310,68232,2013-06-27 18:57:00,2013-06-27 18:59:00,2017-12-31 19:45:00,2017-12-31 19:45:00
8,24,81759,79046,2013-06-27 19:52:00,2013-06-27 20:50:00,2017-12-31 18:17:00,2017-12-31 19:09:00
9,20,38807,42798,2013-06-27 20:22:00,2013-06-28 00:49:00,2017-12-31 12:44:00,2017-12-31 15:43:00
10,52,100781,102560,2013-06-27 19:42:00,2013-06-27 20:39:00,2017-12-31 15:45:00,2017-12-30 17:15:00
11,69,74961,81238,2013-06-27 21:39:00,2013-06-27 22:20:00,2017-12-31 20:05:00,2018-01-01 00:03:00
12,61,44462,46743,2013-06-27 14:39:00,2013-06-27 14:38:00,2017-12-30 16:56:00,2017-12-31 13:58:00
13,17,29789,31144,2013-06-27 11:24:00,2013-06-27 20:13:00,2017-12-30 13:59:00,2017-12-30 15:07:00
14,67,63306,63900,2013-06-27 23:05:00,2013-06-27 19:35:00,2017-12-31 22:45:00,2017-12-31 15:16:00
15,34,41087,43159,2013-06-27 16:14:00,2013-06-27 16:01:00,2017-12-29 15:31:00,2017-12-24 07:51:00
16,73,46919,42125,2013-06-28 00:04:00,2013-06-28 00:37:00,2017-12-31 10:43:00,2017-12-30 20:54:00
17,29,33869,33434,2013-06-28 00:10:00,2013-06-27 21:51:00,2017-12-31 13:11:00,2017-12-31 09:36:00
18,311,12074,12183,2013-06-28 00:23:00,2013-06-27 16:15:00,2017-12-31 12:20:00,2017-12-30 16:41:00
19,60,45753,46219,2013-06-27 21:41:00,2013-06-27 21:43:00,2017-12-31 16:47:00,2017-12-31 19:42:00
20,72,32210,34641,2013-06-28 05:11:00,2013-06-28 08:49:00,2017-12-31 15:13:00,2017-12-31 22:53:00
21,76,210255,203014,2013-06-27 19:29:00,2013-06-27 19:03:00,2017-12-28 13:38:00,2017-12-31 16:38:00
22,42,12819,13233,2013-06-27 16:34:00,2013-06-27 16:36:00,2017-12-29 16:09:00,2017-12-29 13:37:00
23,26,110255,111274,2013-06-28 07:13:00,2013-06-28 08:13:00,2017-12-31 21:21:00,2017-12-31 23:27:00
24,91,188313,182424,2013-06-27 01:06:00,2013-06-28 00:18:00,2017-12-31 21:08:00,2017-12-31 15:53:00
25,30,21704,20544,2013-06-28 07:10:00,2013-06-27 23:26:00,2017-12-31 16:04:00,2017-12-31 18:09:00
26,31,64207,63234,2013-06-27 20:50:00,2013-06-27 22:23:00,2017-12-31 19:21:00,2017-12-31 19:54:00
27,75,104105,99835,2013-06-28 06:31:00,2013-06-27 19:06:00,2017-12-31 13:17:00,2017-12-30 13:11:00
28,45,50700,47764,2013-06-27 13:00:00,2013-06-27 20:49:00,2017-12-31 16:27:00,2017-12-31 16:18:00
29,74,76372,72770,2013-06-27 20:57:00,2013-06-28 08:33:00,2017-12-31 15:20:00,2017-12-31 16:43:00
30,27,18151,17496,2013-06-28 09:05:00,2013-06-27 23:15:00,2017-12-31 19:18:00,2017-12-31 19:36:00
31,48,77553,79495,2013-06-28 06:36:00,2013-06-27 09:46:00,2017-12-30 06:44:00,2017-12-31 15:11:00
32,88,26987,27522,2013-06-27 11:09:00,2013-06-27 11:11:00,2017-12-31 17:42:00,2017-12-31 17:37:00
33,54,33336,34343,2013-06-27 20:21:00,2013-06-27 19:34:00,2017-12-30 15:24:00,2017-12-31 17:52:00
34,341,80204,79601,2013-06-28 09:49:00,2013-06-29 16:40:00,2017-12-31 14:18:00,2017-12-31 12:48:00
35,127,37293,37319,2013-06-28 10:00:00,2013-06-28 10:24:00,2017-12-31 14:36:00,2017-12-31 18:02:00
36,164,59710,54137,2013-06-28 10:01:00,2013-06-28 08:09:00,2017-12-30 11:59:00,2017-12-31 12:13:00
37,279,6521,6996,2013-06-28 10:04:00,2013-06-28 15:13:00,2017-12-31 16:12:00,2017-12-31 12:00:00
38,350,25127,25630,2013-06-28 08:14:00,2013-06-27 23:39:00,2017-12-31 12:07:00,2017-12-31 11:44:00
39,25,62294,61500,2013-06-28 07:21:00,2013-06-28 07:28:00,2017-12-31 20:26:00,2017-12-30 18:53:00
40,21,37977,37270,2013-06-28 08:03:00,2013-06-28 11:54:00,2017-12-31 15:47:00,2017-12-31 15:16:00
41,28,23170,21979,2013-06-27 12:15:00,2013-06-27 12:16:00,2017-12-30 17:16:00,2017-12-31 15:19:00
42,55,19296,19507,2013-06-27 16:42:00,2013-06-27 15:27:00,2017-12-30 18:14:00,2017-12-26 21:27:00
43,252,6287,5720,2013-06-28 11:05:00,2013-06-29 12:28:00,2017-12-22 12:48:00,2017-12-30 13:49:00
44,59,86131,92521,2013-06-27 21:54:00,2013-06-27 20:05:00,2017-12-31 22:50:00,2017-12-31 18:56:00
45,232,44880,45545,2013-06-28 11:21:00,2013-06-30 14:47:00,2017-12-31 20:17:00,2017-12-31 21:44:00
46,36,97360,89640,2013-06-27 18:21:00,2013-06-27 18:37:00,2017-12-31 16:18:00,2017-12-31 15:28:00
47,66,86169,83135,2013-06-28 07:30:00,2013-06-28 08:15:00,2017-12-31 11:03:00,2017-12-31 21:10:00
48,22,30296,30373,2013-06-28 08:32:00,2013-06-28 08:40:00,2017-12-31 16:21:00,2017-12-31 21:31:00
49,62,29226,28323,2013-06-28 12:03:00,2013-06-28 10:12:00,2017-12-28 22:42:00,2017-12-30 10:02:00
50,77,140790,134719,2013-06-27 21:15:00,2013-06-28 06:24:00,2017-12-31 16:55:00,2017-12-31 15:32:00
51,5,37470,38588,2013-06-28 07:08:00,2013-06-28 12:46:00,2017-12-29 17:14:00,2017-12-31 17:15:00
52,84,38482,35659,2013-06-28 12:09:00,2013-06-28 12:29:00,2017-12-31 12:43:00,2017-12-31 16:29:00
53,349,37843,35631,2013-06-27 15:15:00,2013-06-27 15:05:00,2017-12-31 18:48:00,2017-12-31 17:50:00
54,190,30718,29635,2013-06-27 19:47:00,2013-06-27 19:38:00,2017-12-31 12:05:00,2017-12-31 18:23:00
55,97,82471,80268,2013-06-28 14:57:00,2013-06-28 15:53:00,2017-12-24 15:56:00,2017-12-24 15:47:00
56,57,30996,34066,2013-06-28 15:03:00,2013-06-28 14:28:00,2017-12-31 15:44:00,2017-12-31 19:41:00
57,94,87321,89397,2013-06-27 19:20:00,2013-06-27 19:44:00,2017-12-31 16:08:00,2017-12-31 15:05:00
58,46,35911,28994,2013-06-28 09:00:00,2013-06-27 20:50:00,2017-12-31 21:05:00,2017-12-31 21:04:00
59,81,100313,95669,2013-06-27 18:32:00,2013-06-27 18:37:00,2017-12-31 16:52:00,2017-12-30 17:41:00
60,33,58685,55759,2013-06-28 16:32:00,2013-06-28 14:53:00,2017-12-31 19:05:00,2017-12-31 19:05:00
61,47,83923,87900,2013-06-28 16:58:00,2013-06-28 16:27:00,2017-12-31 19:47:00,2017-12-31 19:47:00
62,56,77660,69209,2013-06-28 13:48:00,2013-06-28 13:53:00,2017-12-31 13:46:00,2017-12-31 15:25:00
63,322,20587,20732,2013-06-28 17:30:00,2013-06-28 17:01:00,2017-12-31 17:32:00,2017-12-31 17:14:00
64,320,30682,29229,2013-06-27 15:54:00,2013-06-28 11:53:00,2017-12-31 21:25:00,2017-12-31 10:57:00
65,14,15474,16275,2013-06-28 18:52:00,2013-06-28 15:04:00,2017-12-31 14:20:00,2017-12-30 16:28:00
66,15,17257,17058,2013-06-28 07:27:00,2013-06-27 23:51:00,2017-12-31 20:49:00,2017-12-31 14:22:00
67,87,29694,29190,2013-06-28 19:17:00,2013-06-28 19:00:00,2017-12-30 11:36:00,2017-12-31 14:36:00
68,71,51582,53377,2013-06-28 20:00:00,2013-06-28 20:02:00,2017-12-31 18:19:00,2017-12-31 14:09:00
69,108,31476,31424,2013-06-28 07:06:00,2013-06-28 13:54:00,2017-12-28 11:31:00,2017-12-31 19:36:00
70,249,58777,59039,2013-06-28 20:58:00,2013-06-28 13:54:00,2017-12-31 09:59:00,2017-12-31 09:26:00
71,93,34684,34244,2013-06-29 07:30:00,2013-06-28 17:37:00,2017-12-31 23:41:00,2017-12-31 15:06:00
72,68,28588,26867,2013-06-27 14:56:00,2013-06-27 14:57:00,2017-12-31 10:47:00,2017-12-31 06:22:00
73,58,64626,63364,2013-06-28 08:09:00,2013-06-28 12:30:00,2017-12-31 08:32:00,2017-12-31 10:32:00
74,251,17142,17632,2013-06-28 08:37:00,2013-06-27 19:10:00,2017-12-31 15:22:00,2017-12-31 21:15:00
75,49,95020,92973,2013-06-29 10:36:00,2013-06-28 17:50:00,2017-12-31 23:17:00,2017-12-31 16:03:00
76,351,2603,2547,2013-06-28 11:39:00,2013-06-28 12:48:00,2017-12-11 11:56:00,2017-12-18 19:34:00
77,149,12623,11379,2013-06-28 09:59:00,2013-06-29 12:34:00,2017-12-31 21:35:00,2017-12-30 12:44:00
78,262,1974,2198,2013-06-28 14:36:00,2013-06-28 17:05:00,2017-12-31 11:57:00,2017-12-31 10:51:00
79,43,116547,120354,2013-06-28 16:07:00,2013-06-28 15:49:00,2017-12-31 14:45:00,2017-12-30 20:02:00
80,50,52933,48938,2013-06-28 12:50:00,2013-06-28 08:25:00,2017-12-29 17:49:00,2017-12-30 18:51:00
81,53,65164,63463,2013-06-29 12:08:00,2013-06-29 14:05:00,2017-12-31 20:20:00,2017-12-31 20:32:00
82,121,10289,9261,2013-06-29 13:03:00,2013-06-29 13:59:00,2017-12-30 13:40:00,2017-12-29 17:29:00
83,16,28663,28303,2013-06-28 06:57:00,2013-06-27 22:39:00,2017-12-30 07:14:00,2017-12-31 01:21:00
84,80,44072,44809,2013-06-29 12:53:00,2013-06-29 14:03:00,2017-12-31 16:09:00,2017-12-31 16:16:00
85,13,48351,48740,2013-06-29 13:41:00,2013-06-29 15:26:00,2017-12-31 16:54:00,2017-12-31 16:13:00
86,92,23981,21478,2013-06-29 15:54:00,2013-06-29 17:52:00,2017-12-31 17:26:00,2017-12-29 10:12:00
87,181,87778,92214,2013-06-29 13:43:00,2013-06-29 13:21:00,2017-12-31 20:08:00,2017-12-31 20:08:00
88,23,19745,19194,2013-06-28 20:54:00,2013-06-28 20:57:00,2017-12-29 10:36:00,2017-12-29 18:02:00
89,312,28392,28015,2013-06-30 10:34:00,2013-06-30 11:02:00,2017-12-31 16:39:00,2017-12-31 17:45:00
90,112,50306,55115,2013-06-30 11:02:00,2013-06-29 17:08:00,2017-12-31 19:26:00,2017-12-31 19:20:00
91,86,23894,24314,2013-06-29 16:31:00,2013-06-28 20:55:00,2017-12-30 15:13:00,2017-12-31 16:32:00
92,179,3185,3089,2013-06-30 11:50:00,2013-06-28 05:26:00,2017-12-20 18:37:00,2017-12-16 12:11:00
93,165,29125,27697,2013-06-30 12:25:00,2013-06-29 22:33:00,2017-12-30 15:03:00,2017-12-31 16:24:00
94,328,18533,19099,2013-06-30 13:42:00,2013-07-01 12:05:00,2017-12-29 17:15:00,2017-12-29 12:50:00
95,99,75232,73007,2013-06-28 12:08:00,2013-06-30 14:26:00,2017-12-31 17:52:00,2017-12-31 10:52:00
96,348,3058,3672,2013-06-29 19:37:00,2013-06-27 23:37:00,2017-12-28 08:15:00,2017-12-28 08:01:00
97,319,14734,15195,2013-06-30 16:08:00,2013-06-29 19:40:00,2017-12-29 07:17:00,2017-12-30 04:12:00
98,313,56635,57504,2013-06-30 17:06:00,2013-06-30 03:06:00,2017-12-31 13:29:00,2017-12-31 16:44:00
99,285,15395,15733,2013-06-29 19:34:00,2013-06-29 15:57:00,2017-12-31 00:09:00,2017-12-28 18:54:00
100,255,95853,90592,2013-06-28 20:37:00,2013-06-28 00:50:00,2017-12-31 15:36:00,2017-12-31 23:09:00
101,330,10163,10212,2013-07-02 17:43:00,2013-06-30 18:15:00,2017-12-28 13:17:00,2017-12-30 13:38:00
102,244,19473,20403,2013-06-29 06:26:00,2013-07-02 17:56:00,2017-12-31 14:46:00,2017-12-31 14:01:00
103,305,18736,18932,2013-06-30 16:05:00,2013-06-30 13:14:00,2017-12-29 08:32:00,2017-12-30 04:52:00
104,300,51876,54606,2013-06-28 19:20:00,2013-06-27 14:40:00,2017-12-31 16:30:00,2017-12-31 17:20:00
105,141,82397,83759,2013-07-01 13:36:00,2013-06-30 20:35:00,2017-12-31 10:53:00,2017-12-31 15:23:00
106,166,17429,18004,2013-06-28 07:32:00,2013-06-29 09:57:00,2017-12-30 13:24:00,2017-12-31 22:51:00
107,192,157726,155395,2013-07-04 19:17:00,2013-07-04 09:20:00,2017-12-31 15:49:00,2017-12-31 10:51:00
108,195,124013,82222,2013-07-01 07:36:00,2013-06-29 12:37:00,2017-12-31 17:41:00,2017-12-31 17:14:00
109,250,16150,17616,2013-06-28 13:24:00,2013-07-11 18:32:00,2017-12-28 13:30:00,2017-12-28 12:24:00
110,188,21657,23505,2013-07-11 17:24:00,2013-07-12 16:47:00,2017-12-31 15:52:00,2017-12-30 23:47:00
111,98,61339,56718,2013-07-15 15:40:00,2013-07-15 14:47:00,2017-12-31 16:47:00,2017-12-31 16:22:00
112,273,37974,38619,2013-07-15 20:30:00,2013-07-15 18:03:00,2017-12-31 05:49:00,2017-12-31 20:50:00
113,169,15914,13716,2013-07-15 17:59:00,2013-07-15 18:14:00,2017-12-31 19:27:00,2017-12-28 13:06:00
114,100,85455,85556,2013-07-17 11:55:00,2013-07-17 07:56:00,2017-12-30 11:23:00,2017-12-31 20:29:00
115,115,50906,52072,2013-07-22 12:59:00,2013-07-22 13:00:00,2017-12-31 13:43:00,2017-12-31 14:57:00
116,178,13777,13923,2013-07-21 11:35:00,2013-07-21 11:25:00,2017-12-31 18:49:00,2017-12-28 14:27:00
117,150,46006,47238,2013-07-23 19:57:00,2013-07-23 19:55:00,2017-12-28 08:16:00,2017-12-28 08:15:00
118,147,8490,8230,2013-07-24 15:43:00,2013-07-24 18:22:00,2017-12-30 13:38:00,2017-12-29 16:14:00
119,134,60409,60284,2013-07-23 15:06:00,2013-07-23 15:05:00,2017-12-31 16:14:00,2017-12-31 16:13:00
120,135,5931,6119,2013-07-24 12:22:00,2013-07-24 12:23:00,2017-12-28 13:47:00,2017-12-23 20:00:00
121,153,47472,46372,2013-07-25 17:19:00,2013-07-25 18:13:00,2017-12-31 20:01:00,2017-12-31 14:12:00
122,129,19952,20328,2013-07-25 12:46:00,2013-07-25 12:48:00,2017-12-31 18:52:00,2017-12-31 21:22:00
123,162,15645,17200,2013-07-25 23:23:00,2013-07-25 21:27:00,2017-12-31 16:21:00,2017-12-31 16:21:00
124,167,1526,1715,2013-07-24 13:46:00,2013-07-24 13:47:00,2017-12-26 12:39:00,2017-12-31 19:01:00
125,170,10954,11173,2013-07-23 13:44:00,2013-07-26 18:39:00,2017-12-31 19:31:00,2017-12-31 15:49:00
126,183,30618,29860,2013-07-25 14:53:00,2013-07-25 14:51:00,2017-12-31 11:39:00,2017-12-31 12:12:00
127,123,37167,37834,2013-07-16 14:03:00,2013-07-16 14:05:00,2017-12-31 22:42:00,2017-12-31 15:12:00
128,130,43833,43653,2013-07-26 22:56:00,2013-07-27 03:05:00,2017-12-31 18:07:00,2017-12-31 18:43:00
129,185,9502,9218,2013-07-27 06:38:00,2013-07-27 18:23:00,2017-12-31 18:11:00,2017-12-30 02:37:00
130,116,28535,27990,2013-07-26 15:47:00,2013-07-26 15:51:00,2017-12-31 15:04:00,2017-12-31 19:52:00
131,160,14071,13741,2013-07-27 13:00:00,2013-07-28 03:02:00,2017-12-30 11:52:00,2017-12-31 19:01:00
132,158,30176,30701,2013-07-27 13:48:00,2013-07-26 11:04:00,2017-12-31 14:28:00,2017-12-31 13:06:00
133,171,5237,5108,2013-07-26 19:07:00,2013-07-25 17:44:00,2017-12-26 09:21:00,2017-12-26 12:31:00
134,159,10725,10290,2013-07-16 14:21:00,2013-07-26 12:46:00,2017-12-31 23:58:00,2017-12-28 18:04:00
135,146,18458,18147,2013-07-28 14:01:00,2013-07-28 13:56:00,2017-12-28 08:49:00,2017-12-29 12:53:00
136,119,18099,17526,2013-07-28 15:46:00,2013-07-28 15:33:00,2017-12-31 14:49:00,2017-12-29 06:59:00
137,174,140375,149863,2013-07-27 11:58:00,2013-07-28 15:51:00,2017-12-31 12:26:00,2017-12-31 20:28:00
138,321,50558,50827,2013-07-28 23:59:00,2013-09-21 16:35:00,2017-12-31 10:08:00,2017-12-29 16:14:00
139,122,11858,10690,2013-07-29 09:21:00,2013-07-29 07:19:00,2017-12-22 13:40:00,2017-12-24 07:22:00
140,186,26008,26531,2013-07-28 09:47:00,2013-07-28 18:27:00,2017-12-31 19:06:00,2017-12-31 15:58:00
141,126,51799,53603,2013-07-29 12:19:00,2013-07-29 12:23:00,2017-12-31 17:16:00,2017-12-31 17:16:00
142,163,12415,13603,2013-07-29 15:36:00,2013-07-29 16:51:00,2017-12-30 17:21:00,2017-12-30 11:55:00
143,154,24361,23817,2013-07-29 20:28:00,2013-07-29 17:51:00,2017-12-31 15:25:00,2017-12-31 17:43:00
144,152,33602,31898,2013-07-31 15:52:00,2013-07-29 19:43:00,2017-12-31 17:57:00,2017-12-31 16:37:00
145,137,18563,17956,2013-07-31 19:03:00,2013-07-31 15:52:00,2017-12-31 10:47:00,2017-12-30 20:06:00
146,173,62414,65471,2013-08-01 12:08:00,2013-08-01 11:00:00,2017-12-31 20:05:00,2017-12-30 10:27:00
147,176,91904,94143,2013-08-01 15:43:00,2013-08-01 14:48:00,2017-12-31 21:16:00,2017-12-31 20:49:00
148,118,46133,42944,2013-08-01 16:00:00,2013-08-01 19:28:00,2017-12-31 13:03:00,2017-12-31 11:47:00
149,224,26548,26455,2013-08-01 16:24:00,2013-08-02 13:43:00,2017-12-30 11:58:00,2017-12-30 00:06:00
150,110,92973,95969,2013-08-01 17:48:00,2013-08-01 17:13:00,2017-12-31 18:50:00,2017-12-31 17:35:00
151,106,43805,41472,2013-08-01 19:39:00,2013-08-01 19:25:00,2017-12-30 19:21:00,2017-12-30 13:06:00
152,140,70235,74015,2013-08-01 18:01:00,2013-08-01 17:39:00,2017-12-31 14:25:00,2017-12-31 20:10:00
153,157,53253,55508,2013-08-01 21:15:00,2013-07-30 10:35:00,2017-12-31 11:48:00,2017-12-31 15:22:00
154,114,56028,64121,2013-08-02 15:38:00,2013-08-02 14:13:00,2017-12-31 14:34:00,2017-12-31 13:07:00
155,111,38324,37160,2013-08-02 12:08:00,2013-08-01 20:27:00,2017-12-31 18:47:00,2017-12-31 18:46:00
156,117,71742,73560,2013-08-02 18:35:00,2013-08-02 17:37:00,2017-12-31 17:14:00,2017-12-31 23:23:00
157,233,34423,32743,2013-08-02 18:35:00,2013-08-02 17:37:00,2017-12-31 00:05:00,2017-12-31 16:30:00
158,136,3974,3986,2013-08-01 10:15:00,2013-08-01 10:41:00,2017-12-30 10:21:00,2017-12-29 14:57:00
159,144,51497,51887,2013-08-02 19:06:00,2013-08-02 19:01:00,2017-12-31 14:01:00,2017-12-31 15:48:00
160,229,46663,48247,2013-08-02 22:38:00,2013-08-02 21:34:00,2017-12-31 17:03:00,2017-12-31 15:57:00
161,212,63311,62419,2013-07-30 10:26:00,2013-08-02 20:21:00,2017-12-31 18:45:00,2017-12-31 18:02:00
162,168,34970,35773,2013-08-03 18:07:00,2013-08-03 15:33:00,2017-12-29 22:19:00,2017-12-31 16:15:00
163,128,41609,45205,2013-08-03 20:57:00,2013-08-03 19:09:00,2017-12-31 18:45:00,2017-12-31 19:14:00
164,35,325294,369619,2013-08-05 16:33:00,2013-08-05 16:15:00,2017-12-31 15:06:00,2017-12-31 12:16:00
165,138,24202,23968,2013-08-05 17:07:00,2013-08-05 17:05:00,2017-12-31 12:35:00,2017-12-31 12:51:00
166,184,10369,11740,2013-08-05 20:55:00,2013-08-05 17:11:00,2017-12-30 01:11:00,2017-12-28 13:15:00
167,124,6690,7188,2013-08-04 17:49:00,2013-07-24 13:00:00,2017-12-31 21:17:00,2017-12-30 14:48:00
168,109,19342,17998,2013-08-06 17:13:00,2013-08-06 17:55:00,2017-12-30 19:15:00,2017-12-30 11:46:00
169,120,21540,23841,2013-08-06 17:22:00,2013-08-06 18:35:00,2017-12-30 23:32:00,2017-12-31 09:16:00
170,191,68355,47833,2013-08-07 12:10:00,2013-08-07 11:57:00,2017-12-31 13:50:00,2017-12-31 14:26:00
171,143,52292,49760,2013-08-03 14:01:00,2013-08-03 12:41:00,2017-12-31 21:17:00,2017-12-31 23:53:00
172,175,36658,31085,2013-08-03 19:36:00,2013-08-03 16:52:00,2017-12-31 15:33:00,2017-12-29 11:45:00
173,196,49076,44706,2013-08-10 12:01:00,2013-08-10 12:39:00,2017-12-31 22:57:00,2017-12-31 21:49:00
174,194,53915,52813,2013-08-10 12:35:00,2013-08-10 12:45:00,2017-12-31 18:40:00,2017-12-31 18:39:00
175,199,90386,93863,2013-08-10 13:50:00,2013-08-10 13:14:00,2017-12-31 19:03:00,2017-12-31 18:55:00
176,314,14573,13916,2013-08-03 22:25:00,2013-07-29 15:12:00,2017-12-31 17:51:00,2017-12-30 09:26:00
177,197,48503,44002,2013-08-10 16:19:00,2013-08-10 18:13:00,2017-12-31 18:22:00,2017-12-31 17:45:00
178,198,55292,59401,2013-08-10 19:05:00,2013-08-10 17:23:00,2017-12-31 16:12:00,2017-12-31 18:35:00
179,240,53910,55299,2013-08-13 10:43:00,2013-08-13 10:47:00,2017-12-31 23:42:00,2017-12-31 15:36:00
180,177,186267,198034,2013-08-13 14:29:00,2013-08-13 13:41:00,2017-12-31 15:01:00,2017-12-31 08:44:00
181,200,2050,1817,2013-08-15 06:38:00,2013-08-14 23:00:00,2017-12-20 11:33:00,2017-12-20 18:45:00
182,156,50243,51162,2013-08-02 23:17:00,2013-08-02 20:26:00,2017-12-31 18:52:00,2017-12-31 15:49:00
183,206,9952,10186,2013-08-15 14:04:00,2013-08-15 07:25:00,2017-12-30 08:48:00,2017-12-31 12:15:00
184,204,6240,5757,2013-08-15 15:46:00,2013-08-15 13:16:00,2017-12-24 14:09:00,2017-12-23 20:38:00
185,211,81362,97339,2013-08-15 17:37:00,2013-08-15 17:13:00,2017-12-31 21:33:00,2017-12-31 21:33:00
186,205,14045,14004,2013-08-15 12:41:00,2013-08-13 14:48:00,2017-12-31 19:09:00,2017-12-31 15:31:00
187,215,10386,9938,2013-08-15 20:28:00,2013-08-15 20:54:00,2017-12-29 16:24:00,2017-12-27 18:47:00
188,201,1488,1516,2013-08-15 20:56:00,2013-08-14 17:09:00,2017-12-21 08:27:00,2017-12-09 22:15:00
189,202,11799,11093,2013-08-13 12:02:00,2013-08-15 17:12:00,2017-12-31 19:27:00,2017-12-31 12:48:00
190,207,7651,6910,2013-08-15 20:33:00,2013-08-15 20:17:00,2017-12-24 09:55:00,2017-12-31 04:20:00
191,210,56064,56653,2013-08-16 11:01:00,2013-08-16 13:00:00,2017-12-31 15:23:00,2017-12-31 20:05:00
192,217,30876,30920,2013-08-16 13:25:00,2013-08-16 13:43:00,2017-12-31 01:24:00,2017-12-29 08:45:00
193,209,5122,4739,2013-08-16 14:56:00,2013-08-16 16:53:00,2017-12-24 18:21:00,2017-12-26 15:28:00
194,203,4652,4733,2013-08-16 08:04:00,2013-08-16 17:35:00,2017-12-29 09:11:00,2017-12-28 10:14:00
195,216,11358,13385,2013-08-16 19:49:00,2013-08-16 15:43:00,2017-12-28 13:00:00,2017-12-29 14:48:00
196,213,21897,22130,2013-08-17 01:15:00,2013-08-16 22:47:00,2017-12-31 19:48:00,2017-12-27 18:22:00
197,214,22242,21802,2013-08-16 19:02:00,2013-08-16 16:44:00,2017-12-31 12:22:00,2017-12-31 13:00:00
198,208,4134,4524,2013-08-18 08:05:00,2013-08-17 11:07:00,2017-12-22 10:20:00,2017-12-31 18:48:00
199,225,34677,35015,2013-08-19 15:30:00,2013-08-19 15:57:00,2017-12-30 14:18:00,2017-12-31 10:43:00
200,220,53905,62028,2013-06-29 13:29:00,2013-06-29 12:52:00,2017-12-31 15:44:00,2017-12-31 15:33:00
201,226,31471,30952,2013-08-20 08:42:00,2013-08-19 18:08:00,2017-12-31 23:21:00,2017-12-31 10:15:00
202,227,40616,40997,2013-08-20 15:09:00,2013-08-20 13:55:00,2017-12-31 19:09:00,2017-12-31 18:43:00
203,219,35039,35024,2013-08-20 15:43:00,2013-08-20 14:05:00,2017-12-31 11:11:00,2017-12-30 17:01:00
204,231,32817,34530,2013-08-20 11:35:00,2013-08-20 18:48:00,2017-12-31 17:18:00,2017-12-31 16:45:00
205,228,13049,13956,2013-08-20 19:33:00,2013-08-20 16:43:00,2017-12-28 12:07:00,2017-12-23 16:58:00
206,230,35293,37801,2013-08-20 16:41:00,2013-08-20 16:51:00,2017-12-31 16:36:00,2017-12-31 17:22:00
207,239,21414,23182,2013-08-21 17:12:00,2013-08-21 17:29:00,2017-12-31 15:29:00,2017-12-31 15:07:00
208,237,22615,21335,2013-08-20 18:01:00,2013-08-20 18:00:00,2017-12-30 14:56:00,2017-12-29 13:52:00
209,234,17363,17066,2013-08-21 17:30:00,2013-08-21 17:38:00,2017-12-30 18:28:00,2017-12-31 19:16:00
210,241,43533,43235,2013-08-22 15:41:00,2013-08-22 15:57:00,2017-12-30 16:22:00,2017-12-31 20:57:00
211,223,32549,33124,2013-08-22 15:36:00,2013-08-22 17:10:00,2017-12-31 15:30:00,2017-12-31 16:08:00
212,243,19370,21211,2013-08-22 20:50:00,2013-08-22 16:59:00,2017-12-29 00:49:00,2017-12-31 11:18:00
213,242,19467,18574,2013-08-22 21:11:00,2013-08-22 19:33:00,2017-12-31 18:55:00,2017-12-31 22:55:00
214,238,17741,16810,2013-08-22 18:09:00,2013-08-22 21:32:00,2017-12-29 12:47:00,2017-12-29 21:13:00
215,222,11044,10869,2013-08-23 12:09:00,2013-08-22 23:13:00,2017-12-31 12:46:00,2017-12-27 16:56:00
216,218,5705,5256,2013-08-23 13:47:00,2013-08-23 14:27:00,2017-12-23 13:11:00,2017-12-23 14:35:00
217,236,10632,9913,2013-08-21 20:21:00,2013-08-20 18:05:00,2017-12-31 09:36:00,2017-12-31 18:26:00
218,248,12430,11639,2013-08-23 16:14:00,2013-08-23 18:09:00,2017-12-28 12:21:00,2017-12-31 15:53:00
219,247,25371,26228,2013-08-23 16:21:00,2013-08-23 16:20:00,2017-12-31 10:50:00,2017-12-29 14:41:00
220,245,25630,24925,2013-08-26 15:43:00,2013-08-26 14:58:00,2017-12-31 14:35:00,2017-12-31 23:47:00
221,246,11627,10812,2013-08-26 16:00:00,2013-08-26 17:39:00,2017-12-31 15:34:00,2017-12-31 18:15:00
222,342,29972,29291,2013-08-26 18:04:00,2013-08-26 16:10:00,2017-12-31 12:32:00,2017-12-31 08:50:00
223,148,20533,21627,2013-08-27 14:44:00,2013-08-19 14:00:00,2017-12-30 11:30:00,2017-12-31 21:39:00
224,193,2584,2551,2013-08-23 16:52:00,2013-08-25 15:06:00,2017-12-26 09:53:00,2017-12-01 17:40:00
225,261,21287,20816,2013-09-05 15:26:00,2013-09-06 08:10:00,2017-12-29 15:03:00,2017-12-29 11:27:00
226,256,25270,23603,2013-09-05 18:27:00,2013-09-05 18:58:00,2017-12-31 20:26:00,2017-12-31 20:20:00
227,253,15806,16086,2013-09-05 21:23:00,2013-09-06 16:58:00,2017-12-31 11:41:00,2017-12-31 15:26:00
228,132,5658,6882,2013-09-06 00:01:00,2013-09-05 18:56:00,2017-12-31 09:13:00,2017-12-29 12:24:00
229,113,45818,49884,2013-09-05 18:27:00,2013-09-05 14:44:00,2017-12-31 15:38:00,2017-12-31 16:03:00
230,338,36004,35288,2013-09-08 09:15:00,2013-09-08 11:20:00,2017-12-31 20:46:00,2017-12-31 05:53:00
231,254,45649,45056,2013-09-09 15:09:00,2013-09-09 16:19:00,2017-12-31 15:27:00,2017-12-31 17:44:00
232,258,18962,20433,2013-09-09 16:36:00,2013-09-09 19:07:00,2017-12-31 16:17:00,2017-12-31 15:53:00
233,257,17072,18128,2013-09-09 18:31:00,2013-09-09 18:14:00,2017-12-31 11:26:00,2017-12-31 16:14:00
234,277,15681,14993,2013-09-12 16:13:00,2013-09-12 19:32:00,2017-12-28 18:01:00,2017-12-26 16:52:00
235,268,165857,185140,2013-09-12 16:33:00,2013-09-12 16:29:00,2017-12-31 09:03:00,2017-12-31 10:00:00
236,271,2028,2082,2013-09-12 18:17:00,2013-09-12 17:28:00,2017-12-03 16:19:00,2017-12-03 16:19:00
237,276,12716,12153,2013-09-13 02:57:00,2013-09-12 18:03:00,2017-12-31 18:33:00,2017-12-30 02:31:00
238,274,9398,9615,2013-09-13 08:42:00,2013-09-12 21:21:00,2017-12-30 08:21:00,2017-12-30 08:36:00
239,281,1857,1796,2013-09-13 14:55:00,2013-09-14 12:23:00,2017-12-25 18:44:00,2017-12-24 16:59:00
240,287,113129,104948,2013-09-13 15:10:00,2013-09-13 15:10:00,2017-12-31 07:26:00,2017-12-31 19:07:00
241,275,6041,6629,2013-09-12 20:20:00,2013-09-13 12:23:00,2017-12-31 11:01:00,2017-12-30 13:57:00
242,259,15247,14159,2013-09-03 10:51:00,2013-09-03 10:52:00,2017-12-30 18:39:00,2017-12-31 22:44:00
243,296,40658,45041,2013-09-13 19:01:00,2013-09-14 12:05:00,2017-12-31 18:56:00,2017-12-31 14:10:00
244,282,24786,24689,2013-09-13 20:10:00,2013-09-13 21:09:00,2017-12-29 15:09:00,2017-12-30 19:02:00
245,272,11704,11360,2013-09-13 08:36:00,2013-09-14 09:54:00,2017-12-30 14:08:00,2017-12-31 11:46:00
246,280,8006,8135,2013-09-13 22:26:00,2013-09-14 02:13:00,2017-12-31 12:08:00,2017-12-30 01:26:00
247,278,5367,5295,2013-09-14 02:08:00,2013-09-13 19:58:00,2017-12-29 17:44:00,2017-12-30 02:51:00
248,284,77009,78448,2013-09-14 11:35:00,2013-09-14 11:19:00,2017-12-31 18:59:00,2017-12-30 14:08:00
249,288,26059,24966,2013-09-13 23:46:00,2013-09-14 00:37:00,2017-12-31 10:39:00,2017-12-31 10:57:00
250,283,92476,87700,2013-09-14 13:11:00,2013-09-14 15:01:00,2017-12-30 15:50:00,2017-12-30 14:40:00
251,286,61378,59395,2013-09-14 13:28:00,2013-09-14 14:41:00,2017-12-30 19:28:00,2017-12-31 11:00:00
252,291,52602,52028,2013-09-13 16:46:00,2013-09-05 14:25:00,2017-12-31 16:42:00,2017-12-31 16:54:00
253,289,87151,86537,2013-09-14 15:23:00,2013-09-14 14:51:00,2017-12-31 15:55:00,2017-12-31 20:23:00
254,292,11547,10186,2013-09-09 10:07:00,2013-09-09 10:08:00,2017-12-30 18:25:00,2017-12-29 17:58:00
255,260,34699,37052,2013-09-17 14:59:00,2013-09-17 15:34:00,2017-12-31 17:27:00,2017-12-31 22:11:00
256,263,9440,8925,2013-09-18 11:46:00,2013-09-18 12:36:00,2017-12-28 15:26:00,2017-12-28 15:26:00
257,265,5636,5792,2013-09-18 12:12:00,2013-09-19 18:44:00,2017-12-28 07:38:00,2017-12-28 07:38:00
258,267,11501,12134,2013-09-17 20:50:00,2013-09-17 15:27:00,2017-12-25 16:27:00,2017-12-24 14:33:00
259,264,53526,42237,2013-09-18 18:31:00,2013-09-04 10:25:00,2017-12-31 13:59:00,2017-12-31 16:08:00
260,294,22596,24391,2013-09-18 22:54:00,2013-09-18 17:26:00,2017-12-29 19:05:00,2017-12-31 16:10:00
261,301,56125,50309,2013-09-19 13:02:00,2013-09-19 16:07:00,2017-12-31 18:21:00,2017-12-31 18:15:00
262,299,41726,42241,2013-09-19 14:21:00,2013-09-19 15:53:00,2017-12-31 17:38:00,2017-12-31 15:33:00
263,295,15838,16930,2013-09-19 11:39:00,2013-09-18 23:54:00,2017-12-31 13:22:00,2017-12-31 03:23:00
264,297,9202,8397,2013-09-19 17:09:00,2013-09-19 17:56:00,2017-12-29 07:38:00,2017-12-29 10:41:00
265,293,17074,18015,2013-09-18 20:51:00,2013-09-18 12:49:00,2017-12-31 22:05:00,2017-12-31 15:57:00
266,303,44233,45232,2013-09-19 18:20:00,2013-09-19 18:03:00,2017-12-31 13:26:00,2017-12-31 14:52:00
267,304,38542,39381,2013-09-19 19:05:00,2013-09-19 18:20:00,2017-12-31 21:42:00,2017-12-31 12:53:00
268,309,17929,16874,2013-09-20 14:37:00,2013-09-20 16:03:00,2017-12-29 17:34:00,2017-12-23 15:34:00
269,302,33521,31817,2013-09-20 15:27:00,2013-09-20 15:26:00,2017-12-30 19:12:00,2017-12-31 10:13:00
270,310,17048,17408,2013-09-20 19:27:00,2013-06-29 17:29:00,2017-12-29 10:44:00,2017-12-30 13:02:00
271,315,12679,12570,2013-09-22 09:52:00,2013-09-22 04:02:00,2017-12-29 14:31:00,2017-12-31 08:35:00
272,317,20927,21766,2013-09-22 09:55:00,2013-09-22 10:15:00,2017-12-29 16:35:00,2017-12-29 07:47:00
273,318,22703,21815,2013-09-22 10:52:00,2013-09-22 12:02:00,2017-12-31 20:42:00,2017-12-30 20:49:00
274,323,10975,11658,2013-09-23 16:31:00,2013-09-23 18:28:00,2017-12-31 10:34:00,2017-12-31 15:28:00
275,325,27383,27855,2013-09-23 21:49:00,2013-09-23 16:44:00,2017-12-31 18:03:00,2017-12-31 13:34:00
276,131,24380,24598,2013-09-23 18:28:00,2013-09-23 17:09:00,2017-12-31 14:42:00,2017-12-31 16:01:00
277,306,22981,22666,2013-09-24 12:44:00,2013-09-23 21:53:00,2017-12-28 20:01:00,2017-12-30 23:34:00
278,307,27071,29372,2013-09-25 12:29:00,2013-09-25 13:32:00,2017-12-31 16:04:00,2017-12-31 15:34:00
279,316,12262,12253,2013-09-25 19:37:00,2013-09-25 18:33:00,2017-12-31 10:17:00,2017-12-22 12:16:00
280,327,40759,42734,2013-09-25 14:43:00,2013-09-25 12:07:00,2017-12-31 17:43:00,2017-12-31 17:02:00
281,334,62647,64740,2013-09-27 15:19:00,2013-09-27 15:15:00,2017-12-31 15:41:00,2017-12-31 18:57:00
282,308,14821,15431,2013-09-27 13:34:00,2013-09-27 13:34:00,2017-12-30 11:49:00,2017-12-31 09:17:00
283,326,17458,16222,2013-09-27 16:23:00,2013-09-27 14:45:00,2017-12-30 23:41:00,2017-12-31 19:00:00
284,337,42832,39531,2013-09-27 18:40:00,2013-09-27 18:39:00,2017-12-31 23:34:00,2017-12-31 18:15:00
285,333,23674,24076,2013-09-27 17:45:00,2013-09-27 19:03:00,2017-12-31 17:58:00,2017-12-31 17:31:00
286,332,35133,37481,2013-09-28 11:20:00,2013-09-28 11:44:00,2017-12-31 10:51:00,2017-12-31 16:58:00
287,331,39086,41990,2013-09-28 16:47:00,2013-09-28 16:25:00,2017-12-31 16:33:00,2017-12-31 20:37:00
288,339,11302,11952,2013-09-28 23:14:00,2013-09-29 16:22:00,2017-12-30 12:31:00,2017-12-30 11:22:00
289,329,43229,42929,2013-09-25 20:12:00,2013-09-25 17:53:00,2017-12-31 14:57:00,2017-12-31 14:58:00
290,298,18623,20400,2013-10-02 08:17:00,2013-10-01 19:40:00,2017-12-31 14:40:00,2017-12-29 17:16:00
291,324,32634,35777,2013-10-03 18:09:00,2013-10-03 18:07:00,2017-12-31 12:59:00,2017-12-31 09:58:00
292,290,17078,16092,2013-10-09 19:06:00,2013-10-09 18:06:00,2017-12-31 17:36:00,2017-12-31 21:39:00
293,344,45062,45474,2013-10-09 17:35:00,2013-10-02 11:37:00,2017-12-31 20:57:00,2017-12-31 12:07:00
294,345,16226,16994,2013-10-09 13:24:00,2013-10-09 13:21:00,2017-12-31 11:29:00,2017-12-31 11:01:00
295,346,30806,31418,2013-10-10 16:09:00,2013-10-10 16:11:00,2017-12-31 11:14:00,2017-12-29 16:30:00
296,347,18381,16994,2013-07-31 17:38:00,2013-10-12 19:31:00,2017-12-31 11:54:00,2017-12-30 17:24:00
297,335,3547,3614,2013-10-19 10:33:00,2013-10-19 12:44:00,2017-12-28 09:26:00,2017-12-29 13:07:00
298,343,20264,18736,2013-10-25 11:02:00,2013-10-25 14:32:00,2017-12-30 10:19:00,2017-12-31 23:51:00
299,336,3114,3259,2013-10-17 14:50:00,2013-10-17 14:43:00,2017-12-31 12:19:00,2017-12-31 12:10:00
300,490,5414,5622,2015-05-06 15:32:00,2015-05-05 16:42:00,2017-12-28 15:47:00,2017-12-28 23:38:00
301,402,5917,5602,2015-04-18 04:38:00,2015-04-14 17:45:00,2017-12-31 11:39:00,2017-12-25 10:45:00
302,39,32574,32275,2015-04-19 02:27:00,2015-04-18 18:47:00,2017-12-30 20:27:00,2017-12-31 14:22:00
303,161,33580,31320,2015-05-09 13:21:00,2015-05-09 12:45:00,2017-12-31 18:05:00,2017-12-31 15:05:00
304,103,6210,8738,2015-05-09 12:02:00,2015-05-09 10:17:00,2017-12-29 17:43:00,2017-12-31 11:27:00
305,96,27186,24169,2015-04-25 17:59:00,2015-04-26 15:42:00,2017-12-31 01:53:00,2017-12-31 14:40:00
306,125,32280,37489,2015-05-08 14:09:00,2015-05-08 14:43:00,2017-12-29 19:24:00,2017-12-29 17:47:00
307,464,10092,10144,2015-05-14 07:15:00,2015-05-14 12:26:00,2017-12-31 18:32:00,2017-12-31 16:38:00
308,383,14649,14343,2015-04-27 15:42:00,2015-04-27 14:41:00,2017-12-30 22:36:00,2017-12-31 08:02:00
309,40,29455,29117,2015-04-26 12:29:00,2015-04-26 16:04:00,2017-12-31 14:01:00,2017-12-29 15:09:00
310,497,5435,5072,2015-05-02 14:19:00,2015-05-02 13:39:00,2017-12-30 10:06:00,2017-12-29 16:05:00
311,452,2084,2230,2015-05-13 06:53:00,2015-05-13 06:50:00,2017-12-25 14:03:00,2017-12-21 17:50:00
312,489,3905,3291,2015-05-13 18:51:00,2015-05-13 14:13:00,2017-12-31 14:45:00,2017-12-29 19:18:00
313,471,4945,4975,2015-05-14 17:25:00,2015-05-14 17:24:00,2017-12-31 13:08:00,2017-12-25 14:50:00
314,484,3373,3463,2015-05-07 18:56:00,2015-05-07 19:00:00,2017-12-28 18:46:00,2017-12-28 18:14:00
315,453,4135,4421,2015-05-12 22:47:00,2015-05-12 17:03:00,2017-12-29 14:05:00,2017-12-21 18:19:00
316,41,34612,34312,2015-04-25 19:11:00,2015-04-26 12:25:00,2017-12-31 16:03:00,2017-12-31 19:37:00
317,133,86191,85567,2015-04-25 12:39:00,2015-04-25 14:45:00,2017-12-31 17:29:00,2017-12-31 17:31:00
318,477,3049,3543,2015-05-06 18:59:00,2015-05-06 00:28:00,2017-12-21 16:47:00,2017-12-30 13:31:00
319,504,8314,8648,2015-05-21 20:44:00,2015-05-21 18:39:00,2017-12-31 13:45:00,2017-12-30 10:46:00
320,447,9114,9741,2015-05-16 10:26:00,2015-05-15 22:57:00,2017-12-31 18:56:00,2017-12-31 22:20:00
321,507,12968,12535,2015-05-02 00:25:00,2015-05-01 17:57:00,2017-12-30 14:45:00,2017-12-28 17:21:00
322,38,42665,40872,2015-04-18 13:00:00,2015-04-18 15:59:00,2017-12-31 13:34:00,2017-12-31 11:33:00
323,511,13385,13001,2015-05-06 15:36:00,2015-05-06 15:39:00,2017-12-30 23:38:00,2017-12-31 15:16:00
324,482,6377,6438,2015-05-14 16:58:00,2015-05-14 17:20:00,2017-12-30 23:21:00,2017-12-31 08:43:00
325,493,8418,8997,2015-05-04 20:28:00,2015-05-04 15:56:00,2017-12-29 22:19:00,2017-12-30 00:25:00
326,423,23438,24189,2015-04-17 17:38:00,2015-04-17 16:13:00,2017-12-31 13:57:00,2017-12-28 14:01:00
327,407,299,332,2015-04-16 12:04:00,2015-04-16 12:34:00,2017-12-01 08:54:00,2017-12-01 08:54:00
328,455,1407,1616,2015-05-13 13:35:00,2015-05-13 14:02:00,2017-12-30 23:10:00,2017-12-23 16:36:00
329,6,61262,53848,2015-04-24 17:35:00,2015-04-25 01:30:00,2017-12-29 14:18:00,2017-12-25 08:13:00
330,456,1389,1393,2015-05-13 11:18:00,2015-05-14 12:04:00,2017-12-24 06:51:00,2017-12-23 22:06:00
331,2,43695,40954,2015-05-08 12:24:00,2015-05-08 12:23:00,2017-12-23 14:57:00,2017-12-24 15:56:00
332,458,11098,12377,2015-05-12 13:44:00,2015-05-11 18:17:00,2017-12-31 15:44:00,2017-12-31 15:05:00
333,403,5374,5497,2015-04-15 18:20:00,2015-04-14 17:58:00,2017-12-28 22:37:00,2017-12-28 11:20:00
334,463,18241,19282,2015-05-14 12:26:00,2015-05-14 12:57:00,2017-12-31 16:06:00,2017-12-31 21:11:00
335,4,59248,59965,2015-05-16 11:12:00,2015-05-16 11:07:00,2017-12-29 15:48:00,2017-12-31 14:29:00
336,410,1194,1166,2015-04-17 00:07:00,2015-04-16 11:06:00,2017-12-22 16:09:00,2017-12-22 08:23:00
337,145,40524,37370,2015-05-08 17:47:00,2015-05-08 16:31:00,2017-12-31 23:54:00,2018-01-01 00:18:00
338,7,30636,28499,2015-04-18 19:50:00,2015-04-19 06:53:00,2017-12-31 20:08:00,2017-12-31 21:28:00
339,506,8697,9066,2015-05-01 08:01:00,2015-04-30 23:57:00,2017-12-31 14:22:00,2017-12-31 02:57:00
340,3,83540,81315,2015-04-24 14:24:00,2015-04-24 14:24:00,2017-12-31 13:29:00,2017-12-31 08:13:00
341,420,14571,14231,2015-04-14 11:53:00,2015-04-14 11:54:00,2017-12-30 13:09:00,2017-12-31 11:37:00
342,460,10822,11500,2015-05-11 17:28:00,2015-05-11 19:13:00,2017-12-31 13:55:00,2017-12-31 21:03:00
343,505,5700,6049,2015-05-07 18:43:00,2015-05-07 20:48:00,2017-12-31 14:05:00,2017-12-29 17:50:00
344,462,5802,6106,2015-05-14 12:50:00,2015-05-14 13:01:00,2017-12-31 05:21:00,2017-12-29 19:15:00
345,359,24234,22700,2015-05-02 14:20:00,2015-05-02 14:01:00,2017-12-31 19:47:00,2017-12-31 19:28:00
346,365,6585,6096,2015-05-17 17:27:00,2015-05-16 13:57:00,2017-12-28 15:19:00,2017-12-30 12:19:00
347,182,30667,30320,2015-06-16 13:31:00,2015-06-16 15:42:00,2017-12-31 16:54:00,2017-12-31 23:39:00
348,485,2967,3135,2015-05-04 23:39:00,2015-05-04 17:58:00,2017-12-24 19:16:00,2017-12-28 11:46:00
349,364,21863,22633,2015-05-02 16:40:00,2015-05-02 16:40:00,2017-12-31 17:50:00,2017-12-30 22:39:00
350,370,10261,10458,2015-05-01 16:59:00,2015-05-01 16:53:00,2017-12-29 17:10:00,2017-12-29 16:00:00
351,374,14398,14110,2015-04-28 00:09:00,2015-04-27 19:54:00,2017-12-31 17:19:00,2017-12-31 18:09:00
352,475,4239,4318,2015-05-06 00:24:00,2015-05-06 16:56:00,2017-12-31 22:48:00,2017-12-31 18:04:00
353,466,1440,1527,2015-05-16 10:51:00,2015-05-16 12:31:00,2017-12-31 10:39:00,2017-12-23 13:58:00
354,476,3012,3179,2015-05-06 08:10:00,2015-05-06 08:23:00,2017-12-31 04:51:00,2017-12-22 16:44:00
355,480,2992,3379,2015-05-07 11:14:00,2015-05-06 15:46:00,2017-12-31 11:11:00,2017-12-19 07:31:00
356,418,8919,8617,2015-04-18 09:48:00,2015-04-18 09:44:00,2017-12-31 17:10:00,2017-12-31 17:35:00
357,377,2637,2765,2015-04-29 16:40:00,2015-04-29 18:43:00,2017-12-21 08:32:00,2017-12-25 16:39:00
358,366,2873,2566,2015-04-14 14:37:00,2015-04-14 17:36:00,2017-12-31 10:19:00,2017-12-31 12:32:00
359,142,40129,39567,2015-05-08 16:23:00,2015-05-08 15:31:00,2017-12-31 12:55:00,2017-12-31 17:38:00
360,474,3940,4170,2015-05-16 20:05:00,2015-05-16 22:06:00,2017-12-23 19:26:00,2017-12-23 11:30:00
361,491,5405,5714,2015-05-04 19:12:00,2015-05-04 18:17:00,2017-12-29 14:29:00,2017-12-30 09:39:00
362,18,40934,38446,2015-04-18 12:07:00,2015-04-18 12:55:00,2017-12-31 14:48:00,2017-12-31 15:57:00
363,354,5172,5104,2015-05-15 17:04:00,2015-05-15 18:13:00,2017-12-31 14:19:00,2017-12-31 14:18:00
364,496,2818,3133,2015-05-14 09:23:00,2015-05-13 20:36:00,2017-12-22 16:12:00,2017-12-23 10:48:00
365,429,615,588,2015-05-03 12:01:00,2015-05-03 14:04:00,2017-12-12 18:18:00,2017-12-12 15:25:00
366,457,6550,6248,2015-05-11 21:02:00,2015-05-11 18:37:00,2017-12-31 12:00:00,2017-12-30 17:41:00
367,502,6576,6634,2015-05-14 08:07:00,2015-05-13 21:52:00,2017-12-31 11:41:00,2017-12-31 17:45:00
368,172,30123,30231,2015-05-09 13:57:00,2015-05-09 13:41:00,2017-12-31 20:34:00,2017-12-31 20:33:00
369,89,29065,25765,2015-05-08 12:32:00,2015-05-08 11:42:00,2017-12-31 21:04:00,2017-12-29 17:56:00
370,425,5427,4617,2015-04-17 15:32:00,2015-04-17 16:29:00,2017-12-28 07:12:00,2017-12-29 11:40:00
371,102,1063,1036,2015-04-29 18:11:00,2015-04-26 18:12:00,2017-12-29 09:23:00,2017-12-22 15:45:00
372,441,393,467,2015-04-27 16:42:00,2015-04-27 16:41:00,2017-12-17 13:26:00,2017-12-17 13:24:00
373,443,508,781,2015-05-01 09:49:00,2015-04-29 17:49:00,2017-12-31 09:01:00,2017-12-31 09:24:00
374,419,10931,11346,2015-04-17 14:12:00,2015-04-17 09:28:00,2017-12-27 20:50:00,2017-12-27 19:10:00
375,459,31093,31835,2015-05-11 17:06:00,2015-05-11 17:04:00,2017-12-31 14:32:00,2017-12-31 14:31:00
376,509,5943,5753,2015-05-01 19:50:00,2015-05-02 11:28:00,2017-12-31 19:51:00,2017-12-30 01:14:00
377,442,1766,1597,2015-04-28 22:45:00,2015-04-29 01:47:00,2017-12-28 07:57:00,2017-12-22 23:52:00
378,353,1475,1533,2015-05-18 20:27:00,2015-05-21 18:31:00,2017-12-29 14:00:00,2017-12-29 07:41:00
379,401,3299,3341,2015-05-10 17:52:00,2015-05-10 12:49:00,2017-12-31 09:29:00,2017-12-30 23:39:00
380,432,6349,6692,2015-05-15 15:05:00,2015-05-15 15:35:00,2017-12-28 11:56:00,2017-12-30 15:05:00
381,454,11760,12788,2015-05-11 15:34:00,2015-05-11 18:03:00,2017-12-31 14:04:00,2017-12-31 13:43:00
382,451,9960,9916,2015-05-15 15:14:00,2015-05-15 15:10:00,2017-12-30 14:21:00,2017-12-30 15:02:00
383,499,4259,4443,2015-05-01 11:54:00,2015-05-01 17:04:00,2017-12-27 15:04:00,2017-12-29 20:23:00
384,381,3050,3510,2015-04-27 20:01:00,2015-05-01 19:13:00,2017-12-30 20:27:00,2017-12-30 20:15:00
385,180,21976,20293,2015-05-09 14:29:00,2015-05-09 16:56:00,2017-12-31 17:24:00,2017-12-31 14:50:00
386,352,1540,1488,2015-04-28 09:47:00,2015-05-01 16:30:00,2017-12-23 17:00:00,2017-12-23 18:35:00
387,439,954,716,2015-04-27 16:30:00,2015-04-27 16:28:00,2017-12-25 22:02:00,2017-12-18 11:32:00
388,356,692,693,2015-04-30 19:10:00,2015-04-30 14:10:00,2017-12-19 18:10:00,2017-12-19 18:10:00
389,469,2815,2550,2015-05-17 17:55:00,2015-05-17 11:25:00,2017-12-26 10:02:00,2017-12-20 15:56:00
390,478,7075,7797,2015-05-05 15:21:00,2015-05-05 15:21:00,2017-12-29 18:54:00,2017-12-29 10:43:00
391,494,1875,1881,2015-05-21 06:29:00,2015-05-18 19:11:00,2017-12-31 11:36:00,2017-12-29 22:43:00
392,376,14940,10470,2015-04-27 17:48:00,2015-04-27 18:45:00,2017-12-29 08:51:00,2017-12-24 08:40:00
393,472,4672,4358,2015-05-06 16:28:00,2015-05-06 17:33:00,2017-12-31 15:01:00,2017-12-31 15:24:00
394,426,12403,12664,2015-04-17 15:20:00,2015-04-17 15:18:00,2017-12-31 10:48:00,2017-12-31 11:40:00
395,427,1719,1739,2015-04-25 08:11:00,2015-04-24 09:33:00,2017-12-20 12:24:00,2017-12-23 13:08:00
396,438,760,602,2015-04-29 17:44:00,2015-05-02 01:13:00,2017-12-21 16:32:00,2017-12-20 14:58:00
397,483,3417,3149,2015-05-08 00:48:00,2015-05-06 19:32:00,2017-12-22 16:23:00,2017-12-29 11:41:00
398,107,26922,25736,2015-04-26 09:41:00,2015-04-26 15:24:00,2017-12-31 12:06:00,2017-12-31 14:20:00
399,461,10452,10626,2015-05-11 16:41:00,2015-05-11 17:34:00,2017-12-31 13:39:00,2017-12-29 16:08:00
400,424,11526,11322,2015-04-18 10:17:00,2015-04-17 11:38:00,2017-12-22 12:44:00,2017-12-29 12:11:00
401,417,14475,13904,2015-04-17 09:53:00,2015-04-17 10:55:00,2017-12-29 12:38:00,2017-12-29 16:02:00
402,486,5391,5864,2015-05-13 14:22:00,2015-05-14 18:26:00,2017-12-26 06:51:00,2017-12-28 14:13:00
403,382,4584,4619,2015-04-28 09:21:00,2015-04-27 18:42:00,2017-12-30 19:11:00,2017-12-30 20:31:00
404,492,5045,5366,2015-05-13 17:15:00,2015-05-13 17:17:00,2017-12-23 23:52:00,2017-12-24 12:02:00
405,372,3934,4095,2015-04-30 18:35:00,2015-05-01 08:25:00,2016-12-29 15:18:35,2016-12-29 14:51:43
406,500,2567,2734,2015-05-05 08:53:00,2015-05-04 19:27:00,2017-12-31 13:51:00,2017-12-29 13:25:00
407,101,3271,3267,2015-04-21 15:57:00,2015-04-21 16:41:00,2017-12-21 12:21:00,2017-12-21 12:21:00
408,448,1468,1439,2015-05-13 14:24:00,2015-05-14 12:43:00,2017-12-30 11:39:00,2017-12-30 13:36:00
409,503,6237,6858,2015-05-02 13:08:00,2015-05-01 12:03:00,2017-12-31 12:26:00,2017-12-31 14:23:00
410,12,2073,2047,2015-04-26 19:02:00,2015-04-26 21:00:00,2017-12-19 15:12:00,2017-12-19 15:11:00
411,378,1990,1988,2015-04-27 23:09:00,2015-04-28 21:43:00,2017-12-23 08:36:00,2017-12-23 08:44:00
412,411,910,987,2015-04-17 07:58:00,2015-04-17 17:11:00,2017-12-21 09:31:00,2017-12-20 22:38:00
413,428,1589,1553,2015-04-27 08:29:00,2015-04-26 02:14:00,2017-12-21 10:07:00,2017-12-21 17:11:00
414,445,587,505,2015-04-29 13:02:00,2015-04-27 18:05:00,2017-12-06 19:58:00,2017-12-07 09:40:00
415,434,5422,5425,2015-04-27 10:59:00,2015-04-29 18:06:00,2017-12-29 17:09:00,2017-12-29 18:37:00
416,399,1167,1167,2015-04-29 13:55:00,2015-04-29 14:04:00,2017-12-25 19:45:00,2017-12-25 20:02:00
417,501,6476,7216,2015-05-05 16:34:00,2015-05-05 16:09:00,2017-12-31 15:47:00,2017-12-31 16:30:00
418,508,2917,3139,2015-05-01 19:52:00,2015-05-01 19:17:00,2017-12-22 19:41:00,2017-12-19 18:38:00
419,367,2024,2112,2015-04-14 19:56:00,2015-04-14 20:46:00,2017-12-21 17:43:00,2017-12-21 14:57:00
420,436,1565,1595,2015-04-29 13:08:00,2015-04-29 13:08:00,2017-12-20 16:46:00,2017-12-13 08:36:00
421,449,4665,4335,2015-05-12 15:14:00,2015-05-12 15:18:00,2017-12-31 20:53:00,2017-12-29 00:42:00
422,437,1749,1958,2015-05-28 18:57:00,2015-05-28 20:56:00,2017-12-20 18:17:00,2017-12-28 08:21:00
423,495,1770,1908,2015-05-16 18:34:00,2015-05-17 14:22:00,2017-12-22 03:34:00,2017-12-21 21:48:00
424,373,1737,1935,2015-05-02 12:56:00,2015-05-04 19:20:00,2017-12-23 15:05:00,2017-12-22 18:06:00
425,396,343,341,2015-05-12 16:40:00,2015-05-13 16:23:00,2017-12-15 16:31:00,2017-12-13 15:11:00
426,414,13906,13319,2015-05-18 15:28:00,2015-05-18 14:25:00,2017-12-31 09:25:00,2017-12-31 15:00:00
427,390,393,274,2015-05-20 22:08:00,2015-05-26 10:53:00,2017-12-21 18:33:00,2017-12-27 06:13:00
428,415,1374,1338,2015-04-21 10:02:00,2015-04-22 11:46:00,2017-12-17 15:49:00,2017-12-11 12:02:00
429,416,2301,2023,2015-04-16 16:54:00,2015-04-16 17:16:00,2017-12-20 15:13:00,2017-12-27 16:59:00
430,450,1485,1681,2015-05-13 16:40:00,2015-05-15 15:27:00,2017-12-30 13:28:00,2017-12-31 10:50:00
431,395,349,350,2015-05-02 17:54:00,2015-05-02 20:35:00,2017-12-04 20:49:00,2017-12-04 20:49:00
432,479,3527,3355,2015-05-05 15:09:00,2015-05-05 15:37:00,2017-12-23 20:19:00,2017-12-22 22:30:00
433,470,2509,2444,2015-05-06 14:17:00,2015-05-06 14:32:00,2017-12-30 13:00:00,2017-12-25 13:28:00
434,498,4570,4814,2015-05-04 18:13:00,2015-05-04 18:10:00,2017-12-29 21:46:00,2017-12-31 00:25:00
435,435,1357,1343,2015-04-27 16:26:00,2015-04-27 16:16:00,2017-12-19 13:51:00,2017-12-19 16:02:00
436,421,553,534,2015-05-09 15:47:00,2015-04-30 10:13:00,2017-12-04 12:54:00,2017-11-30 18:46:00
437,406,3755,3627,2015-04-17 11:15:00,2015-04-18 11:55:00,2017-12-21 08:08:00,2017-12-20 14:04:00
438,468,1950,1952,2015-05-06 23:11:00,2015-05-06 23:09:00,2017-12-28 13:25:00,2017-12-28 14:17:00
439,95,1082,993,2015-05-08 11:01:00,2015-05-10 11:41:00,2017-12-20 12:43:00,2017-12-20 13:10:00
440,488,918,1099,2015-05-13 17:16:00,2015-05-14 17:52:00,2017-12-29 10:19:00,2017-12-29 19:27:00
441,408,424,500,2015-04-16 00:45:00,2015-04-16 01:16:00,2017-12-30 14:03:00,2017-12-30 13:44:00
442,412,693,447,2015-04-17 15:04:00,2015-04-16 22:36:00,2017-12-31 02:35:00,2017-12-03 13:12:00
443,510,2794,2519,2015-05-02 10:00:00,2015-05-02 20:45:00,2017-12-31 21:57:00,2017-12-31 14:31:00
444,467,2127,2310,2015-05-15 18:21:00,2015-05-15 18:48:00,2017-12-31 20:08:00,2017-12-27 19:49:00
445,369,1033,1108,2015-04-16 07:32:00,2015-04-17 14:48:00,2017-12-06 12:32:00,2017-12-17 15:02:00
446,355,2118,2087,2015-04-26 17:29:00,2015-04-26 18:49:00,2017-12-21 12:03:00,2017-12-21 12:39:00
447,9,2455,2443,2015-04-15 10:19:00,2015-04-15 17:43:00,2017-12-28 07:13:00,2017-12-20 17:16:00
448,385,807,708,2015-04-28 16:12:00,2015-04-29 18:35:00,2017-12-22 08:28:00,2017-12-21 19:38:00
449,11,771,708,2015-05-01 16:20:00,2015-05-01 16:18:00,2017-12-23 18:32:00,2017-12-29 09:31:00
450,444,488,535,2015-04-27 16:52:00,2015-04-27 16:47:00,2017-12-23 11:58:00,2017-12-23 11:36:00
451,368,1276,1205,2015-04-14 20:03:00,2015-04-17 06:14:00,2017-12-26 16:41:00,2017-12-26 15:18:00
452,375,919,873,2015-05-15 16:53:00,2015-05-17 11:37:00,2017-12-16 14:34:00,2017-12-17 22:21:00
453,409,190,187,2015-04-17 18:28:00,2015-04-17 18:27:00,2017-11-22 09:56:00,2017-11-22 09:53:00
454,446,496,550,2015-05-21 15:28:00,2015-05-22 13:38:00,2017-12-23 14:54:00,2017-12-23 12:16:00
455,413,2578,2689,2015-04-17 08:18:00,2015-04-18 15:20:00,2017-12-31 15:44:00,2017-12-31 12:33:00
456,270,457,502,2015-04-28 07:01:00,2015-04-28 13:34:00,2017-12-28 14:15:00,2017-12-28 14:29:00
457,391,165,191,2015-05-02 15:05:00,2015-05-01 21:53:00,2017-12-19 21:18:00,2017-12-19 15:48:00
458,400,424,428,2015-04-23 07:10:00,2015-05-06 16:47:00,2017-12-22 13:41:00,2017-12-22 15:27:00
459,393,171,159,2015-04-26 15:10:00,2015-05-06 17:07:00,2017-12-10 19:42:00,2017-12-07 14:41:00
460,433,613,593,2015-04-27 15:34:00,2015-05-03 14:04:00,2017-12-23 08:59:00,2017-12-21 08:42:00
461,392,233,222,2015-05-12 18:31:00,2015-05-10 19:30:00,2017-12-22 17:15:00,2017-12-22 20:54:00
462,388,455,464,2015-04-27 00:04:00,2015-04-25 18:23:00,2017-12-21 12:04:00,2017-12-27 09:06:00
463,397,547,543,2015-05-03 12:48:00,2015-05-03 16:29:00,2017-12-25 19:54:00,2017-12-25 19:50:00
464,398,365,390,2015-04-26 20:07:00,2015-04-26 20:21:00,2017-12-02 11:56:00,2017-12-02 12:36:00
465,430,361,375,2015-04-26 17:22:00,2015-04-23 12:40:00,2017-12-27 06:07:00,2017-12-23 18:53:00
466,384,105,116,2015-04-21 13:01:00,2015-04-15 19:47:00,2017-11-24 13:01:00,2017-10-20 16:38:00
467,386,246,230,2015-04-17 14:57:00,2015-05-03 11:05:00,2017-12-14 00:56:00,2017-12-11 13:01:00
468,440,149,156,2015-05-11 18:54:00,2015-05-11 20:42:00,2017-12-15 21:59:00,2017-12-15 19:16:00
469,431,366,408,2015-04-27 18:17:00,2015-04-27 08:38:00,2017-12-23 13:03:00,2017-12-21 18:43:00
470,465,12293,12712,2015-07-17 13:21:00,2015-07-17 15:58:00,2017-12-30 16:40:00,2017-12-31 00:26:00
471,487,3135,3633,2015-07-07 17:36:00,2015-07-07 16:36:00,2017-12-27 09:30:00,2017-12-27 11:39:00
472,481,3456,3706,2015-07-07 18:17:00,2015-07-07 17:19:00,2017-12-28 14:07:00,2017-12-24 14:35:00
473,422,2196,2003,2015-07-07 15:29:00,2015-07-07 13:56:00,2017-12-21 16:31:00,2017-12-22 09:03:00
474,394,10382,10399,2015-08-26 12:42:00,2015-08-26 12:44:00,2017-12-30 11:34:00,2017-12-31 21:07:00
475,596,7853,7816,2016-06-29 17:18:00,2016-06-29 17:07:00,2017-12-30 16:57:00,2017-12-27 16:10:00
476,542,151,154,2016-06-21 16:53:00,2016-06-17 18:03:00,2017-12-01 11:33:00,2017-12-01 11:22:00
477,616,776,846,2016-06-27 18:09:00,2016-06-27 18:24:00,2017-06-30 15:11:00,2017-06-30 17:16:49
478,597,4372,4400,2016-06-29 15:28:00,2016-06-29 14:55:00,2017-12-30 18:16:00,2017-12-31 12:45:00
479,530,139,143,2016-06-14 21:19:00,2016-06-15 18:43:00,2017-12-18 16:18:00,2017-12-18 16:29:00
480,546,249,258,2016-06-17 16:03:00,2016-06-17 14:32:00,2017-12-19 17:41:00,2017-12-19 16:38:00
481,617,749,736,2016-06-29 13:58:00,2016-06-29 13:34:00,2017-06-30 23:34:40,2017-06-30 19:25:22
482,547,301,363,2016-06-18 08:00:00,2016-06-18 17:03:00,2017-12-22 15:58:00,2017-12-22 15:58:00
483,532,524,462,2016-06-14 15:18:00,2016-06-14 13:57:00,2017-12-30 22:40:00,2017-12-30 23:02:00
484,609,1195,1250,2016-06-30 13:11:00,2016-06-30 12:55:00,2017-06-30 23:02:02,2017-06-30 22:10:48
485,529,132,107,2016-06-17 17:53:00,2016-06-17 17:42:00,2017-12-03 12:26:00,2017-12-03 12:26:00
486,611,1275,1284,2016-06-30 17:08:00,2016-06-30 16:50:00,2017-06-30 18:41:19,2017-06-30 16:37:26
487,545,170,167,2016-06-16 08:35:00,2016-06-16 16:20:00,2017-12-16 17:52:00,2017-12-17 10:12:00
488,614,904,865,2016-06-29 13:41:00,2016-06-28 13:24:00,2017-06-29 10:31:04,2017-06-30 14:29:58
489,610,2034,2008,2016-06-30 17:36:00,2016-07-01 06:36:50,2017-06-30 20:51:31,2017-06-30 20:08:05
490,618,825,581,2016-06-27 17:28:00,2016-06-27 19:28:00,2017-06-30 16:32:52,2017-06-30 18:31:52
491,534,222,249,2016-06-14 02:15:00,2016-06-14 17:15:00,2017-12-15 15:11:00,2017-12-15 15:11:00
492,600,1379,1322,2016-06-29 17:01:00,2016-06-30 08:09:00,2017-12-23 21:30:00,2017-12-30 17:04:00
493,552,439,274,2016-06-19 16:56:00,2016-06-19 16:54:00,2017-12-22 15:51:00,2017-12-20 17:16:00
494,535,195,228,2016-06-18 19:20:00,2016-06-18 01:11:00,2017-12-17 10:07:00,2017-12-16 17:58:00
495,538,36,27,2016-06-16 19:32:00,2016-06-25 11:05:00,2017-11-22 13:28:00,2017-09-25 07:38:43
496,537,86,67,2016-06-14 05:44:00,2016-06-14 19:00:00,2017-10-17 19:24:00,2017-10-17 18:15:00
497,536,150,135,2016-06-15 18:35:00,2016-06-15 18:35:00,2017-12-04 10:15:00,2017-11-27 10:09:00
498,518,926,1068,2016-06-02 14:12:00,2016-06-02 14:13:00,2017-12-19 18:27:00,2017-12-30 14:42:00
499,540,119,108,2016-06-15 11:18:00,2016-06-15 11:11:00,2017-12-01 11:37:00,2017-12-01 11:37:00
500,544,203,169,2016-06-17 12:01:00,2016-06-26 20:14:00,2017-12-24 16:10:00,2017-12-25 01:11:00
501,563,92,79,2016-06-25 16:16:00,2016-06-29 13:03:00,2017-12-03 04:08:00,2017-12-21 12:10:00
502,561,50,50,2016-06-28 07:59:00,2016-06-28 09:09:00,2017-09-25 11:34:55,2017-09-25 12:02:50
503,594,321,217,2016-06-19 08:45:00,2016-06-18 16:56:00,2017-12-18 18:16:00,2017-12-02 12:53:00
504,601,1719,1817,2016-06-29 18:55:00,2016-06-29 18:58:00,2017-12-24 05:50:00,2017-12-26 18:05:00
505,566,46,52,2016-06-29 17:32:00,2016-06-25 19:42:00,2017-12-18 10:17:00,2017-11-26 22:19:00
506,551,172,234,2016-06-19 16:46:00,2016-06-19 15:32:00,2017-12-22 11:00:00,2017-12-22 10:47:00
507,565,20,18,2016-06-21 20:44:00,2016-06-22 19:38:00,2017-11-02 23:57:00,2017-09-07 10:47:18
508,613,1137,1123,2016-06-29 10:13:00,2016-06-29 10:36:00,2017-06-30 08:39:54,2017-06-30 17:42:21
509,555,88,79,2016-06-21 12:08:00,2016-06-21 12:42:00,2017-11-03 15:16:00,2017-11-19 14:24:00
510,615,457,748,2016-06-28 15:26:00,2016-06-28 15:33:00,2017-06-30 08:44:10,2017-06-30 16:36:18
511,533,192,179,2016-06-15 18:26:00,2016-06-15 18:26:00,2017-12-04 08:33:00,2017-10-31 12:14:00
512,554,122,221,2016-06-21 12:33:00,2016-06-21 14:47:00,2017-09-14 14:56:43,2017-12-18 18:23:00
513,548,62,48,2016-06-21 09:10:00,2016-06-25 09:18:00,2017-09-28 18:00:59,2017-10-20 18:32:00
514,541,122,135,2016-06-16 08:59:00,2016-06-16 08:59:00,2017-12-08 13:38:00,2017-12-06 12:47:00
515,539,97,86,2016-06-17 16:05:00,2016-06-17 18:07:00,2017-12-06 12:37:00,2017-12-08 13:46:00
516,560,54,50,2016-06-28 08:50:00,2016-06-28 08:20:00,2017-12-27 08:45:00,2017-12-11 08:28:00
517,528,283,319,2016-06-16 15:31:00,2016-06-16 15:30:00,2017-12-08 10:44:00,2017-12-12 17:07:00
518,553,124,97,2016-06-27 09:52:00,2016-07-09 20:42:41,2017-11-19 16:13:00,2017-12-21 17:28:00
519,558,23,20,2016-06-26 13:53:00,2016-06-26 15:01:00,2017-11-22 14:07:00,2017-11-09 09:39:00
520,568,35,38,2016-06-25 18:57:00,2016-06-25 19:24:00,2017-12-09 15:56:00,2017-11-10 14:11:00
521,556,37,28,2016-06-25 14:47:00,2016-06-25 16:26:00,2017-11-02 14:55:00,2017-12-11 16:13:00
522,572,163,173,2016-06-24 17:53:00,2016-06-24 18:57:00,2017-12-22 20:43:00,2017-12-22 20:43:00
523,543,159,174,2016-06-17 16:11:00,2016-06-16 19:39:00,2017-11-26 11:16:00,2017-11-26 12:44:00
524,559,49,50,2016-06-21 12:15:00,2016-06-21 15:15:00,2017-12-11 16:08:00,2017-10-31 13:28:00
525,580,260,257,2016-07-29 20:38:40,2016-08-01 11:45:23,2017-11-29 16:27:00,2017-12-09 23:43:00
526,520,3612,3663,2016-07-07 14:19:46,2016-07-08 02:04:09,2017-12-31 13:25:00,2017-12-31 14:40:00
527,526,592,693,2016-07-14 09:27:13,2016-07-08 17:39:14,2017-12-30 17:23:00,2017-12-28 10:53:00
528,602,1760,1685,2016-07-08 17:26:05,2016-07-08 16:35:00,2017-12-26 17:59:00,2017-12-22 17:12:00
529,517,1292,1294,2016-07-08 19:23:01,2016-07-08 19:22:58,2017-12-22 22:42:00,2017-12-23 17:00:00
530,523,3606,3300,2016-07-08 08:04:01,2016-07-07 17:20:27,2017-12-31 22:09:00,2017-12-30 23:10:00
531,525,1102,1024,2016-07-08 18:23:15,2016-07-08 18:37:30,2017-12-25 16:52:00,2017-12-25 16:51:00
532,604,4645,4729,2016-07-01 14:39:14,2016-07-01 15:38:48,2017-12-31 13:33:00,2017-12-31 13:56:00
533,605,4500,4593,2016-07-01 17:18:53,2016-07-01 17:20:45,2017-12-23 15:12:00,2017-12-28 08:07:00
534,515,2838,3081,2016-07-08 18:47:19,2016-07-08 22:39:28,2017-12-30 23:05:00,2017-12-30 19:50:00
535,592,725,585,2016-07-12 12:41:24,2016-07-12 12:52:03,2017-12-23 18:38:00,2017-12-22 16:08:00
536,612,882,911,2016-07-28 19:35:36,2016-07-27 19:56:41,2017-06-30 19:33:21,2017-06-30 23:41:59
537,619,1261,1319,2016-07-12 17:13:21,2016-07-12 17:13:06,2017-12-28 09:06:00,2017-12-22 07:49:00
538,620,5331,4905,2016-09-09 17:18:44,2016-09-10 12:22:10,2017-12-31 16:42:00,2017-12-31 16:35:00
539,405,2527,2295,2016-07-11 15:46:45,2016-07-11 15:46:28,2017-12-30 02:48:00,2017-12-31 16:18:00
540,603,4327,3925,2016-07-01 15:56:22,2016-07-01 15:58:38,2017-12-21 17:39:00,2017-12-21 12:29:00
541,607,846,922,2016-07-01 07:39:22,2016-07-01 12:44:35,2017-06-30 23:52:54,2017-06-30 23:33:35
542,591,546,693,2016-09-23 17:58:02,2016-09-24 18:41:14,2017-12-22 18:20:00,2017-12-22 08:54:00
543,589,527,585,2016-07-12 16:17:01,2016-07-12 20:57:40,2017-12-23 17:54:00,2017-12-23 16:33:00
544,583,97,78,2016-08-07 10:19:39,2016-08-03 21:13:05,2017-12-22 14:54:00,2017-12-22 14:12:00
545,590,932,776,2016-07-21 16:27:42,2016-07-20 20:34:54,2017-12-29 11:35:00,2017-12-22 16:27:00
546,606,1617,1373,2016-07-07 07:17:48,2016-07-06 17:48:56,2017-06-30 12:47:24,2017-06-30 18:48:06
547,522,1156,1147,2016-07-08 08:11:00,2016-07-08 18:17:14,2017-12-27 15:48:00,2017-12-27 18:04:00
548,608,276,191,2016-07-05 07:28:02,2016-07-01 13:57:12,2017-06-30 11:03:46,2017-06-30 17:48:58
549,519,471,481,2016-07-08 07:56:19,2016-07-08 21:47:14,2017-12-21 12:24:00,2017-12-22 14:54:00
550,524,279,276,2016-07-21 18:50:11,2016-07-26 17:19:05,2017-12-18 13:14:00,2017-12-22 22:03:00
551,514,918,863,2016-07-23 12:36:27,2016-07-23 13:53:02,2017-12-29 12:48:00,2017-12-30 22:53:00
552,598,755,931,2016-07-01 17:06:14,2016-07-01 14:50:51,2017-12-27 08:30:00,2017-12-26 16:40:00
553,585,256,259,2016-07-31 11:18:57,2016-07-31 17:34:10,2017-12-23 15:15:00,2017-12-23 15:14:00
554,578,98,93,2016-08-21 17:13:08,2016-08-24 19:44:12,2017-11-27 14:36:00,2017-11-27 14:35:00
555,550,84,99,2016-07-24 23:33:20,2016-07-24 18:00:27,2017-11-08 13:14:00,2017-11-10 18:45:00
556,573,339,330,2016-07-26 15:06:16,2016-07-25 20:19:34,2017-12-30 16:43:00,2017-12-30 16:40:00
557,527,656,664,2016-07-09 10:04:59,2016-07-09 10:04:40,2017-12-23 16:52:00,2017-12-28 12:08:00
558,584,31,31,2016-08-09 18:44:34,2016-08-09 20:30:52,2017-10-03 14:25:00,2017-11-09 17:54:00
559,575,197,190,2016-07-28 12:57:37,2016-07-28 13:00:21,2017-12-30 03:19:00,2017-12-30 17:24:00
560,599,592,635,2016-07-01 21:05:18,2016-07-01 19:42:28,2017-12-22 13:15:00,2017-12-29 13:24:00
561,595,58,81,2016-08-09 01:27:14,2016-08-09 09:50:30,2017-11-20 15:23:00,2017-12-03 23:14:00
562,577,116,117,2016-08-10 21:10:14,2016-08-07 15:05:12,2017-12-19 13:40:00,2017-12-19 13:40:00
563,571,178,164,2016-08-03 18:52:39,2016-08-03 18:51:21,2017-12-21 16:12:00,2017-12-20 18:42:00
564,581,20,21,2016-08-29 15:37:49,2016-08-29 15:35:35,2017-06-25 15:54:17,2017-06-24 15:07:57
565,549,52,62,2016-08-11 16:08:35,2016-07-01 16:13:25,2017-12-03 12:15:00,2017-10-26 13:33:00
566,587,70,72,2016-08-31 18:10:44,2016-08-31 12:19:09,2017-12-22 20:30:00,2017-12-22 20:27:00
567,579,153,134,2016-07-23 18:19:58,2016-07-23 18:40:26,2017-12-03 16:51:00,2017-12-04 15:31:00
568,588,29,32,2016-08-13 16:49:48,2016-07-29 09:33:59,2017-12-21 10:50:00,2017-12-19 18:37:00
569,567,25,31,2016-08-18 12:00:18,2016-08-19 05:13:47,2017-12-21 08:21:00,2017-12-18 10:22:00
570,574,138,136,2016-07-26 09:15:27,2016-07-30 11:25:22,2017-12-31 18:57:00,2017-12-31 18:55:00
571,570,360,384,2016-07-24 23:42:53,2016-07-01 14:34:54,2017-12-31 18:23:00,2017-12-31 21:07:00
572,531,131,120,2016-07-27 14:54:14,2016-07-27 14:36:37,2017-12-19 21:57:00,2017-12-22 03:32:00
573,582,5,10,2016-08-11 20:15:22,2016-08-03 15:35:40,2017-06-05 11:12:13,2017-06-04 22:19:24
574,586,54,83,2016-07-31 13:20:37,2016-07-31 13:17:25,2017-11-02 17:16:00,2017-11-02 17:10:00
575,564,60,63,2016-07-01 08:57:33,2016-07-02 00:07:30,2017-12-19 15:43:00,2017-12-19 16:20:00
576,576,113,117,2016-07-20 19:45:33,2016-07-25 18:44:14,2017-12-04 20:37:00,2017-12-04 20:36:00
577,569,30,27,2016-07-15 20:55:01,2016-06-29 20:58:00,2017-11-16 14:34:00,2017-11-12 13:29:00
578,557,15,15,2016-08-03 10:06:48,2016-08-02 16:33:58,2017-10-13 08:41:00,2017-10-12 10:10:00
579,593,42,28,2016-08-10 13:35:02,2016-07-13 13:11:07,2017-12-06 03:04:00,2017-12-06 02:52:00
580,562,11,10,2016-08-05 06:24:24,2016-08-05 06:21:55,2017-11-23 19:22:00,2017-12-23 19:13:00
581,622,2091,2290,2017-04-27 13:12:03,2017-04-27 11:01:15,2017-12-30 00:04:00,2017-12-31 17:40:00
582,623,9899,9560,2017-06-14 11:35:00,2017-06-14 11:11:56,2017-12-31 16:53:00,2017-12-31 16:53:00
583,624,1839,1675,2017-07-27 14:25:02,2017-07-27 13:25:40,2017-12-31 16:29:00,2017-12-29 14:51:00
584,625,719,682,2017-08-14 13:21:23,2017-08-14 14:11:05,2017-12-26 08:08:00,2017-12-24 11:13:00
585,626,28,26,2017-12-21 13:54:00,2017-12-21 14:25:00,2017-12-31 14:14:00,2017-12-31 22:27:00
